{"type": "FeatureCollection", "features": [{"type": "Feature", "id": "Q128904_-3200_-2701", "properties": {"qid": "Q128904", "nombre_src": "Elam", "desde": -3200, "hasta": -2701, "cortes": [-3000], "origen": "cliopatria", "seshat": ""}, "geometry": {"type": "Polygon", "coordinates": [[[48.134246826171875, 32.30024337768555], [47.981449127197266, 32.30024337768555], [47.94719314575195, 32.043148040771484], [48.099849700927734, 32.043148040771484], [48.21845626831055, 31.78606605529785], [48.523494720458984, 31.78606605529785], [48.54059982299805, 31.91460609436035], [48.86314392089844, 32.043148040771484], [48.89824676513672, 32.30024337768555], [48.61023712158203, 32.428794860839844], [48.62794876098633, 32.557350158691406], [48.32206344604492, 32.557350158691406], [48.134246826171875, 32.30024337768555]]]}}, {"type": "Feature", "id": "Q2345840_-3000_-2701", "properties": {"qid": "Q2345840", "nombre_src": "Sumerian City-States", "desde": -3000, "hasta": -2701, "cortes": [-3000], "origen": "cliopatria", "seshat": ""}, "geometry": {"type": "Polygon", "coordinates": [[[46.532676696777344, 31.7217960357666], [46.633235931396484, 31.91460609436035], [46.48877716064453, 31.978878021240234], [46.45344924926758, 32.30024337768555], [46.377052307128906, 32.30024337768555], [46.6141242980957, 32.94303894042969], [46.16311264038086, 33.00732421875], [46.14643478393555, 33.45735549926758], [45.73723220825195, 33.26447677612305], [45.550323486328125, 33.00732421875], [45.02235794067383, 33.07160949707031], [44.74873733520508, 33.32876968383789], [44.59535598754883, 33.32876968383789], [44.57895278930664, 33.20018768310547], [44.4256477355957, 33.20018768310547], [44.16355895996094, 32.94303894042969], [44.1926155090332, 32.557350158691406], [44.33769226074219, 32.493072509765625], [44.32204055786133, 32.36451721191406], [44.71202850341797, 32.428794860839844], [44.833316802978516, 32.171695709228516], [45.062408447265625, 32.171695709228516], [45.19933319091797, 32.043148040771484], [45.80741500854492, 30.757776260375977], [46.438812255859375, 30.307893753051758], [46.590572357177734, 30.307893753051758], [46.696475982666016, 30.564971923828125], [47.235774993896484, 30.629240036010742], [47.29846954345703, 31.143381118774414], [46.84192657470703, 31.143381118774414], [46.532676696777344, 31.7217960357666]]]}}, {"type": "Feature", "id": "Q187979_-3000_-2701", "properties": {"qid": "Q187979", "nombre_src": "Early Dynastic Period of Egypt", "desde": -3000, "hasta": -2701, "cortes": [-3000], "origen": "cliopatria", "seshat": "eg_dynasty_1"}, "geometry": {"type": "Polygon", "coordinates": [[[31.100712813184785, 31.601398909376332], [30.97784513487638, 31.583536085866363], [31.126454099179075, 31.496664196680797], [30.90250020747968, 31.420273208275432], [30.54416328369458, 31.393191110728825], [30.95610918281863, 31.575691127543095], [30.35544506854661, 31.50284501322864], [30.289718207709452, 31.23735409662011], [30.064445171497525, 31.32027307975135], [29.497160077412527, 30.94561350529802], [29.502583909813826, 30.502766742745933], [30.115655180987133, 30.06689028785865], [30.37513545877673, 29.720170380093034], [30.38526836739363, 29.422147580137334], [30.02923075937185, 29.18600714528452], [29.94601875462713, 28.915036982428212], [30.052122451793366, 28.77325026984942], [30.448412711608604, 28.71085510726299], [30.74802596902192, 27.232689084040377], [31.619609768703235, 26.434736194336566], [31.84759135794851, 25.944417362442707], [32.54328787225204, 25.892914350652624], [32.347672562234614, 25.725773156022026], [32.24184161392235, 25.306159087785502], [32.63707079901521, 25.005303718371426], [32.76496131174994, 24.712365595545613], [32.7481902860308, 24.000722843443253], [33.1323302880233, 23.995802001554413], [33.108127742127095, 25.044678825285935], [32.895238332730926, 25.16628773201873], [32.69416545397499, 25.493956176070828], [32.947769292131625, 25.89087413654745], [32.90137901724346, 26.194896404784057], [32.171805682304054, 26.41109001945793], [31.524272601943938, 26.998793286445707], [31.383178339626408, 27.26633843787617], [30.980737285993307, 27.416592999634588], [30.930940053842043, 28.03348833833653], [31.001844706188294, 28.51000486287415], [31.37019594180969, 29.305804680081025], [31.87211118809071, 29.267181378985402], [32.53772168551441, 29.407499535929993], [32.3408270836643, 29.594864173234686], [32.47763617301253, 29.936800058803303], [32.84801885076164, 30.16182550154576], [32.72910154311648, 30.558076823234998], [32.762468338735985, 30.867648168919068], [32.68537449575814, 31.04491985873768], [32.32958225752087, 31.269300044308867], [32.21475403958888, 31.282427109872735], [32.27979123936085, 31.124300158646317], [32.14306328711131, 31.0741641409831], [31.777463277057542, 31.27739109480343], [31.909654105433173, 31.527564250767764], [32.0172182301798, 31.380554051378187], [32.20249114810904, 31.290936083305773], [31.9214823111845, 31.529882183453562], [31.87170017735304, 31.534918030038103], [31.55694512751292, 31.44221803626223], [31.100712813184785, 31.601398909376332]]]}}, {"type": "Feature", "id": "Q42534_-3000_-2701", "properties": {"qid": "Q42534", "nombre_src": "Indus Valley Civilization", "desde": -3000, "hasta": -2701, "cortes": [-3000], "origen": "cliopatria", "seshat": "pk_kachi_pre_urban"}, "geometry": {"type": "Polygon", "coordinates": [[[68.04823303222656, 27.029460906982422], [67.93557739257812, 26.772293090820312], [68.0857925415039, 26.772293090820312], [68.1990966796875, 26.515121459960938], [68.49932861328125, 26.515121459960938], [68.51779174804688, 26.643707275390625], [68.83687591552734, 26.772293090820312], [68.87496948242188, 27.029460906982422], [68.59357452392578, 27.158044815063477], [68.61300659179688, 27.2866268157959], [68.31217193603516, 27.2866268157959], [68.1233901977539, 27.029460906982422], [68.04823303222656, 27.029460906982422]]]}}, {"type": "Feature", "id": "Q177819_-2500_-2301", "properties": {"qid": "Q177819", "nombre_src": "Old Kingdom of Egypt", "desde": -2500, "hasta": -2301, "cortes": [-2500], "origen": "cliopatria", "seshat": "eg_old_k_1"}, "geometry": {"type": "Polygon", "coordinates": [[[31.100712813184785, 31.601398909376332], [30.97784513487638, 31.583536085866363], [31.126454099179075, 31.496664196680797], [30.90250020747968, 31.420273208275432], [30.54416328369458, 31.393191110728825], [30.95610918281863, 31.575691127543095], [30.35544506854661, 31.50284501322864], [30.289718207709452, 31.23735409662011], [30.064445171497525, 31.32027307975135], [29.497160077412527, 30.94561350529802], [29.502583909813826, 30.502766742745933], [30.115655180987133, 30.06689028785865], [30.37513545877673, 29.720170380093034], [30.38526836739363, 29.422147580137334], [30.02923075937185, 29.18600714528452], [29.94601875462713, 28.915036982428212], [30.052122451793366, 28.77325026984942], [30.448412711608604, 28.71085510726299], [30.74802596902192, 27.232689084040377], [31.619609768703235, 26.434736194336566], [31.84759135794851, 25.944417362442707], [32.54328787225204, 25.892914350652624], [32.347672562234614, 25.725773156022026], [32.24184161392235, 25.306159087785502], [32.63707079901521, 25.005303718371426], [32.76496131174994, 24.712365595545613], [32.7481902860308, 24.000722843443253], [33.1323302880233, 23.995802001554413], [33.108127742127095, 25.044678825285935], [32.895238332730926, 25.16628773201873], [32.69416545397499, 25.493956176070828], [32.947769292131625, 25.89087413654745], [32.90137901724346, 26.194896404784057], [32.171805682304054, 26.41109001945793], [31.524272601943938, 26.998793286445707], [31.383178339626408, 27.26633843787617], [30.980737285993307, 27.416592999634588], [30.930940053842043, 28.03348833833653], [31.001844706188294, 28.51000486287415], [31.37019594180969, 29.305804680081025], [31.87211118809071, 29.267181378985402], [32.53772168551441, 29.407499535929993], [32.3408270836643, 29.594864173234686], [32.47763617301253, 29.936800058803303], [32.84801885076164, 30.16182550154576], [32.72910154311648, 30.558076823234998], [32.762468338735985, 30.867648168919068], [32.68537449575814, 31.04491985873768], [32.32958225752087, 31.269300044308867], [32.21475403958888, 31.282427109872735], [32.27979123936085, 31.124300158646317], [32.14306328711131, 31.0741641409831], [31.777463277057542, 31.27739109480343], [31.909654105433173, 31.527564250767764], [32.0172182301798, 31.380554051378187], [32.20249114810904, 31.290936083305773], [31.9214823111845, 31.529882183453562], [31.87170017735304, 31.534918030038103], [31.55694512751292, 31.44221803626223], [31.100712813184785, 31.601398909376332]]]}}, {"type": "Feature", "id": "Q2345840_-2500_-2301", "properties": {"qid": "Q2345840", "nombre_src": "Sumerian City-States", "desde": -2500, "hasta": -2301, "cortes": [-2500], "origen": "cliopatria", "seshat": ""}, "geometry": {"type": "Polygon", "coordinates": [[[42.97563934326172, 34.48630142211914], [42.73638153076172, 34.42197799682617], [42.52153015136719, 34.55062484741211], [42.53782272338867, 34.679283142089844], [41.835975646972656, 34.614952087402344], [41.235023498535156, 34.743614196777344], [40.99589538574219, 34.679283142089844], [40.85720443725586, 34.80794906616211], [40.61809539794922, 34.743614196777344], [40.51805877685547, 34.55062484741211], [40.788108825683594, 34.22901916503906], [42.380367279052734, 34.03607940673828], [42.88662338256836, 33.77885055541992], [42.94752883911133, 33.65024948120117], [43.24666976928711, 33.5859489440918], [43.307472229003906, 33.45735549926758], [43.46092987060547, 33.45735549926758], [43.52167892456055, 33.32876968383789], [43.82041549682617, 33.26447677612305], [43.9497184753418, 33.07160949707031], [44.10295486450195, 33.07160949707031], [44.32204055786133, 32.36451721191406], [44.71202850341797, 32.428794860839844], [44.833316802978516, 32.171695709228516], [45.062408447265625, 32.171695709228516], [45.19933319091797, 32.043148040771484], [45.18363952636719, 31.91460609436035], [45.39683532714844, 31.78606605529785], [45.30503845214844, 31.65752601623535], [45.44972610473633, 31.593257904052734], [45.67786407470703, 30.950578689575195], [46.294429779052734, 30.372163772583008], [46.590572357177734, 30.307893753051758], [46.696475982666016, 30.564971923828125], [47.235774993896484, 30.629240036010742], [47.25126266479492, 30.757776260375977], [47.799049377441406, 30.886310577392578], [48.25519561767578, 30.886310577392578], [48.914974212646484, 30.69350814819336], [48.9476318359375, 30.950578689575195], [48.87158966064453, 30.950578689575195], [48.57517623901367, 32.171695709228516], [47.85454559326172, 32.493072509765625], [47.69301223754883, 32.428794860839844], [47.02205276489258, 32.557350158691406], [46.75869369506836, 32.878753662109375], [46.16311264038086, 33.00732421875], [46.14643478393555, 33.45735549926758], [45.73723220825195, 33.26447677612305], [45.550323486328125, 33.00732421875], [45.02235794067383, 33.07160949707031], [44.74873733520508, 33.32876968383789], [44.59535598754883, 33.32876968383789], [44.499916076660156, 33.77885055541992], [44.26115036010742, 33.71455001831055], [43.841468811035156, 34.03607940673828], [43.32773971557617, 34.22901916503906], [43.26723861694336, 34.3576545715332], [42.967430114746094, 34.42197799682617], [42.97563934326172, 34.48630142211914]]]}}, {"type": "Feature", "id": "Q42534_-2500_-2301", "properties": {"qid": "Q42534", "nombre_src": "Indus Valley Civilization", "desde": -2500, "hasta": -2301, "cortes": [-2500], "origen": "cliopatria", "seshat": "pk_kachi_pre_urban"}, "geometry": {"type": "MultiPolygon", "coordinates": [[[[72.2493896484375, 23.107707977294922], [72.23455047607422, 22.97913360595703], [72.51768493652344, 22.85055923461914], [72.48841094970703, 22.59341049194336], [72.17626953125, 22.46483612060547], [72.16194152832031, 22.33626365661621], [71.86436462402344, 22.33626365661621], [71.74410247802734, 22.59341049194336], [71.5952377319336, 22.59341049194336], [71.69855499267578, 22.85055923461914], [71.77302551269531, 22.85055923461914], [71.95137786865234, 23.107707977294922], [72.2493896484375, 23.107707977294922]]], [[[69.99947357177734, 24.264904022216797], [70.36503601074219, 24.200613021850586], [70.4834213256836, 23.943456649780273], [70.6326675415039, 23.943456649780273], [70.60225677490234, 23.68630027770996], [70.28899383544922, 23.557723999023438], [70.27421569824219, 23.429147720336914], [69.97601318359375, 23.429147720336914], [69.85638427734375, 23.68630027770996], [69.70721435546875, 23.68630027770996], [69.73716735839844, 23.943456649780273], [70.05094146728516, 24.07203483581543], [69.99947357177734, 24.264904022216797]]], [[[68.17024230957031, 26.836584091186523], [68.02000427246094, 26.836584091186523], [68.03877258300781, 26.96516990661621], [67.81333923339844, 26.96516990661621], [67.70092010498047, 27.222335815429688], [67.55052185058594, 27.222335815429688], [67.58906555175781, 27.4794979095459], [67.73956298828125, 27.4794979095459], [67.92957305908203, 27.736658096313477], [68.23077392578125, 27.736658096313477], [68.21080780029297, 27.608078002929688], [68.36135864257812, 27.608078002929688], [68.47235107421875, 27.35091781616211], [68.6980209350586, 27.35091781616211], [68.67845916748047, 27.222335815429688], [68.95977783203125, 27.093751907348633], [68.92144775390625, 26.836584091186523], [68.60218811035156, 26.70800018310547], [68.58361053466797, 26.57941436767578], [68.2833251953125, 26.57941436767578], [68.29254150390625, 26.643707275390625], [68.151611328125, 26.70800018310547], [68.17024230957031, 26.836584091186523]]], [[[75.5578842163086, 29.08665657043457], [75.63347625732422, 29.08665657043457], [75.62104797363281, 29.022375106811523], [75.54547119140625, 29.022375106811523], [75.5578842163086, 29.08665657043457]]], [[[73.98103332519531, 29.536611557006836], [73.95613861083984, 29.40805435180664], [74.2340087890625, 29.279497146606445], [74.18508911132812, 29.022375106811523], [73.8587646484375, 28.893810272216797], [73.8349609375, 28.765243530273438], [73.53288269042969, 28.765243530273438], [73.55657196044922, 28.893810272216797], [73.40547180175781, 28.893810272216797], [73.4293212890625, 29.022375106811523], [73.27816772460938, 29.022375106811523], [73.40201568603516, 29.279497146606445], [73.47765350341797, 29.279497146606445], [73.67825317382812, 29.536611557006836], [73.98103332519531, 29.536611557006836]]], [[[76.34056854248047, 29.600887298583984], [76.31464385986328, 29.472333908081055], [76.59153747558594, 29.34377670288086], [76.54057312011719, 29.08665657043457], [76.21318054199219, 28.958093643188477], [76.18838500976562, 28.829526901245117], [75.88624572753906, 28.829526901245117], [75.91093444824219, 28.958093643188477], [75.75981140136719, 28.958093643188477], [75.78466033935547, 29.08665657043457], [75.63347625732422, 29.08665657043457], [75.75938415527344, 29.34377670288086], [75.83503723144531, 29.34377670288086], [76.03773498535156, 29.600887298583984], [76.34056854248047, 29.600887298583984]]], [[[66.99751281738281, 29.857990264892578], [66.97491455078125, 29.729440689086914], [67.25535583496094, 29.600887298583984], [67.21089935302734, 29.34377670288086], [66.88648223876953, 29.21521759033203], [66.86486053466797, 29.08665657043457], [66.56249237060547, 29.08665657043457], [66.45439147949219, 29.34377670288086], [66.30309295654297, 29.34377670288086], [66.42254638671875, 29.600887298583984], [66.49825286865234, 29.600887298583984], [66.6944351196289, 29.857990264892578], [66.99751281738281, 29.857990264892578]]], [[[71.57139587402344, 31.143381118774414], [71.54496765136719, 31.014846801757812], [71.8228530883789, 30.886310577392578], [71.77076721191406, 30.629240036010742], [71.44132995605469, 30.500701904296875], [71.41593933105469, 30.372163772583008], [71.11235046386719, 30.372163772583008], [71.13761901855469, 30.500701904296875], [70.98576354980469, 30.500701904296875], [71.01116943359375, 30.629240036010742], [70.8592529296875, 30.629240036010742], [70.98657989501953, 30.886310577392578], [71.06260681152344, 30.886310577392578], [71.26702880859375, 31.143381118774414], [71.57139587402344, 31.143381118774414]]]]}}, {"type": "Feature", "id": "Q42534_-2000_-1801", "properties": {"qid": "Q42534", "nombre_src": "Indus Valley Civilization", "desde": -2000, "hasta": -1801, "cortes": [-2000], "origen": "cliopatria", "seshat": "pk_kachi_urban_2"}, "geometry": {"type": "MultiPolygon", "coordinates": [[[[75.65809631347656, 33.65024948120117], [75.87239837646484, 33.5859489440918], [76.03653717041016, 33.00732421875], [76.174072265625, 32.94303894042969], [76.06634521484375, 32.81447219848633], [76.14289093017578, 32.81447219848633], [76.09649658203125, 32.62162780761719], [75.53185272216797, 32.171695709228516], [75.50212097167969, 32.043148040771484], [75.71626281738281, 31.978878021240234], [75.5088882446289, 31.40045166015625], [75.86618041992188, 30.950578689575195], [75.83819580078125, 30.822044372558594], [76.03836059570312, 30.69350814819336], [76.0107192993164, 30.564971923828125], [76.21104431152344, 30.436433792114258], [76.18375396728516, 30.307893753051758], [76.4736557006836, 30.243623733520508], [76.3707504272461, 30.115081787109375], [76.79874420166016, 29.986536026000977], [76.77197265625, 29.857990264892578], [76.94625091552734, 29.600887298583984], [76.81768035888672, 28.958093643188477], [76.23931884765625, 28.700960159301758], [75.78628540039062, 28.700960159301758], [75.76207733154297, 28.572391510009766], [74.17705535888672, 28.572391510009766], [72.63333892822266, 28.379535675048828], [72.07188415527344, 28.186676025390625], [71.78133392333984, 28.25096321105957], [70.85476684570312, 28.12238883972168], [70.60723114013672, 27.993812561035156], [70.24107360839844, 28.058101654052734], [69.73677062988281, 27.736658096313477], [69.42058563232422, 27.158044815063477], [69.2972640991211, 26.32224464416504], [69.3722915649414, 26.32224464416504], [69.53953552246094, 25.357851028442383], [70.51991271972656, 24.843517303466797], [70.57825469970703, 24.714935302734375], [70.72774505615234, 24.714935302734375], [70.78619384765625, 24.586353302001953], [71.08509063720703, 24.586353302001953], [71.20223999023438, 24.329193115234375], [71.35160827636719, 24.329193115234375], [71.41033935546875, 24.200613021850586], [71.97592163085938, 23.943456649780273], [72.10173034667969, 23.75058937072754], [72.87576293945312, 23.36486053466797], [72.86788940429688, 22.657697677612305], [72.68992614746094, 22.400548934936523], [72.74272918701172, 22.20768928527832], [72.37797546386719, 22.271976470947266], [72.34249877929688, 21.950544357299805], [72.11245727539062, 21.88625717163086], [72.17279815673828, 21.7576847076416], [72.3214340209961, 21.7576847076416], [72.27970123291016, 21.371967315673828], [72.10365295410156, 21.114822387695312], [71.09152221679688, 20.664819717407227], [70.72064208984375, 20.664819717407227], [70.29546356201172, 20.857677459716797], [69.88987731933594, 21.24339485168457], [69.90315246582031, 21.371967315673828], [69.49736022949219, 21.7576847076416], [69.34872436523438, 21.7576847076416], [68.94945526123047, 22.20768928527832], [68.97650909423828, 22.46483612060547], [69.40931701660156, 22.33626365661621], [69.49740600585938, 22.46483612060547], [69.86946868896484, 22.46483612060547], [70.26250457763672, 22.657697677612305], [70.36528778076172, 22.914846420288086], [69.45060729980469, 22.72198486328125], [68.80825805664062, 22.97913360595703], [68.55245971679688, 23.36486053466797], [68.3359375, 23.429147720336914], [68.35022735595703, 23.557723999023438], [68.12652587890625, 23.557723999023438], [68.15538787841797, 23.814878463745117], [67.63314819335938, 23.814878463745117], [67.49114990234375, 23.879167556762695], [67.43836975097656, 24.07203483581543], [67.28907775878906, 24.07203483581543], [67.32612609863281, 24.393482208251953], [67.25143432617188, 24.393482208251953], [67.2146987915039, 24.714935302734375], [66.63204956054688, 24.843517303466797], [66.67909240722656, 25.229267120361328], [66.34514617919922, 25.55072784423828], [66.02147674560547, 25.357851028442383], [64.8160629272461, 25.29355812072754], [64.80064392089844, 25.164974212646484], [64.2845230102539, 25.229267120361328], [64.22502136230469, 25.357851028442383], [63.62620544433594, 25.357851028442383], [63.536216735839844, 25.229267120361328], [62.563419342041016, 25.229267120361328], [62.47393035888672, 25.100683212280273], [62.02507400512695, 25.100683212280273], [62.1365852355957, 25.422143936157227], [62.30133819580078, 25.55072784423828], [64.28009796142578, 25.807899475097656], [65.08811950683594, 25.67931365966797], [65.695556640625, 25.743606567382812], [66.02015686035156, 25.936485290527344], [65.84618377685547, 26.32224464416504], [65.87225341796875, 26.515121459960938], [65.79719543457031, 26.515121459960938], [65.77373504638672, 27.41520881652832], [65.69850158691406, 27.41520881652832], [66.05645751953125, 28.765243530273438], [66.55416870117188, 29.922264099121094], [67.11345672607422, 30.500701904296875], [67.87273406982422, 30.500701904296875], [67.97278594970703, 30.629240036010742], [68.93391418457031, 30.886310577392578], [69.07313537597656, 31.20764923095703], [69.25104522705078, 31.336183547973633], [69.31610870361328, 31.65752601623535], [69.57125091552734, 31.78606605529785], [69.6113052368164, 31.978878021240234], [69.76393127441406, 31.978878021240234], [70.40827941894531, 32.493072509765625], [70.35980224609375, 32.62162780761719], [70.78483581542969, 32.81447219848633], [70.93338012695312, 33.13589859008789], [71.31344604492188, 33.45735549926758], [71.72701263427734, 33.5859489440918], [71.75711059570312, 33.71455001831055], [71.8956069946289, 33.65024948120117], [72.1716079711914, 33.84315490722656], [72.57122802734375, 33.90746307373047], [72.67906951904297, 34.03607940673828], [73.30998229980469, 34.10039138793945], [73.38690185546875, 34.10039138793945], [73.35548400878906, 33.971771240234375], [74.35493469238281, 33.971771240234375], [74.63056945800781, 33.84315490722656], [75.53658294677734, 33.77885055541992], [75.65809631347656, 33.65024948120117]]], [[[70.21991729736328, 27.92952537536621], [70.23046875, 27.993812561035156], [70.30582427978516, 27.993812561035156], [70.29525756835938, 27.92952537536621], [70.21991729736328, 27.92952537536621]]], [[[76.52241516113281, 30.115081787109375], [76.53593444824219, 30.179353713989258], [76.61178588867188, 30.179353713989258], [76.5982437133789, 30.115081787109375], [76.52241516113281, 30.115081787109375]]]]}}, {"type": "Feature", "id": "Q2345840_-2000_-1801", "properties": {"qid": "Q2345840", "nombre_src": "Sumerian City-States", "desde": -2000, "hasta": -1801, "cortes": [-2000], "origen": "cliopatria", "seshat": ""}, "geometry": {"type": "MultiPolygon", "coordinates": [[[[48.09514617919922, 30.822044372558594], [48.01913833618164, 30.822044372558594], [48.027122497558594, 30.886310577392578], [48.103145599365234, 30.886310577392578], [48.09514617919922, 30.822044372558594]]], [[[46.16311264038086, 33.00732421875], [46.53754425048828, 32.94303894042969], [46.368812561035156, 32.23596954345703], [46.44519805908203, 32.23596954345703], [46.480648040771484, 31.91460609436035], [46.85393142700195, 31.8503360748291], [46.98200225830078, 31.65752601623535], [47.13445281982422, 31.65752601623535], [47.262481689453125, 31.464719772338867], [47.695072174072266, 31.271915435791016], [47.80701446533203, 30.950578689575195], [48.027122497558594, 30.886310577392578], [47.25126266479492, 30.757776260375977], [47.235774993896484, 30.629240036010742], [46.696475982666016, 30.564971923828125], [46.590572357177734, 30.307893753051758], [45.77046203613281, 30.436433792114258], [45.38117218017578, 31.014846801757812], [45.44972610473633, 31.593257904052734], [45.30503845214844, 31.65752601623535], [45.39683532714844, 31.78606605529785], [45.18363952636719, 31.91460609436035], [45.062408447265625, 32.171695709228516], [44.833316802978516, 32.171695709228516], [44.71202850341797, 32.428794860839844], [44.32204055786133, 32.36451721191406], [44.33769226074219, 32.493072509765625], [44.1926155090332, 32.557350158691406], [44.16355895996094, 32.94303894042969], [44.4256477355957, 33.20018768310547], [44.57895278930664, 33.20018768310547], [44.58714294433594, 33.26447677612305], [44.74873733520508, 33.32876968383789], [44.94573974609375, 33.07160949707031], [45.46541976928711, 32.94303894042969], [45.899105072021484, 33.32876968383789], [46.129180908203125, 33.32876968383789], [46.16311264038086, 33.00732421875]]]]}}, {"type": "Feature", "id": "Q128904_-2000_-1801", "properties": {"qid": "Q128904", "nombre_src": "Elam", "desde": -2000, "hasta": -1801, "cortes": [-2000], "origen": "cliopatria", "seshat": "ir_elam_2"}, "geometry": {"type": "Polygon", "coordinates": [[[46.813568115234375, 33.84315490722656], [46.683536529541016, 33.45735549926758], [46.89609146118164, 33.32876968383789], [47.347354888916016, 33.26447677612305], [47.48293685913086, 33.13589859008789], [48.54673767089844, 33.07160949707031], [48.68178939819336, 32.94303894042969], [48.98810958862305, 32.94303894042969], [49.046443939208984, 32.81447219848633], [49.27607345581055, 32.81447219848633], [49.24876022338867, 32.62162780761719], [49.716880798339844, 32.685909271240234], [49.85148620605469, 32.557350158691406], [49.8241081237793, 32.36451721191406], [50.03515625, 32.23596954345703], [50.0170783996582, 32.107421875], [50.286407470703125, 31.8503360748291], [49.97879409790039, 31.271915435791016], [50.10526657104492, 31.079113006591797], [50.07136154174805, 30.822044372558594], [50.358516693115234, 30.69350814819336], [50.476985931396484, 30.436433792114258], [50.14065933227539, 30.179353713989258], [49.91311264038086, 30.179353713989258], [49.929290771484375, 30.307893753051758], [49.7016487121582, 30.307893753051758], [49.566043853759766, 30.436433792114258], [49.110572814941406, 30.436433792114258], [49.126670837402344, 30.564971923828125], [49.28668975830078, 30.629240036010742], [49.14290237426758, 30.69350814819336], [47.80701446533203, 30.950578689575195], [47.695072174072266, 31.271915435791016], [47.262481689453125, 31.464719772338867], [47.13445281982422, 31.65752601623535], [46.98200225830078, 31.65752601623535], [46.85393142700195, 31.8503360748291], [46.480648040771484, 31.91460609436035], [46.44519805908203, 32.23596954345703], [46.368812561035156, 32.23596954345703], [46.53754425048828, 32.94303894042969], [46.16311264038086, 33.00732421875], [46.129180908203125, 33.32876968383789], [45.899105072021484, 33.32876968383789], [45.46541976928711, 32.94303894042969], [44.94573974609375, 33.07160949707031], [44.74873733520508, 33.32876968383789], [44.58714294433594, 33.26447677612305], [44.59535598754883, 33.32876968383789], [44.296756744384766, 33.393062591552734], [44.43983459472656, 33.90746307373047], [44.319732666015625, 34.164703369140625], [44.48211669921875, 34.22901916503906], [44.52500534057617, 34.55062484741211], [44.7648811340332, 34.614952087402344], [44.877113342285156, 34.87228775024414], [45.10858154296875, 34.87228775024414], [45.30441665649414, 34.614952087402344], [45.417205810546875, 34.87228775024414], [45.58054733276367, 34.93662643432617], [45.6077766418457, 35.12965774536133], [45.89838409423828, 35.00096893310547], [45.707767486572266, 34.743614196777344], [46.03915023803711, 34.3576545715332], [46.080440521240234, 34.10039138793945], [46.67778778076172, 33.971771240234375], [46.736724853515625, 33.84315490722656], [46.813568115234375, 33.84315490722656]]]}}, {"type": "Feature", "id": "Q191324_-2000_-1801", "properties": {"qid": "Q191324", "nombre_src": "Middle Kingdom of Egypt", "desde": -2000, "hasta": -1801, "cortes": [-2000], "origen": "cliopatria", "seshat": "eg_middle_k"}, "geometry": {"type": "Polygon", "coordinates": [[[31.100712813184785, 31.601398909376332], [30.97784513487638, 31.583536085866363], [31.126454099179075, 31.496664196680797], [30.90250020747968, 31.420273208275432], [30.54416328369458, 31.393191110728825], [30.95610918281863, 31.575691127543095], [30.35544506854661, 31.50284501322864], [30.289718207709452, 31.23735409662011], [30.064445171497525, 31.32027307975135], [29.497160077412527, 30.94561350529802], [29.502583909813826, 30.502766742745933], [30.115655180987133, 30.06689028785865], [30.37513545877673, 29.720170380093034], [30.38526836739363, 29.422147580137334], [30.02923075937185, 29.18600714528452], [29.94601875462713, 28.915036982428212], [30.052122451793366, 28.77325026984942], [30.448412711608604, 28.71085510726299], [30.74802596902192, 27.232689084040377], [31.619609768703235, 26.434736194336566], [31.84759135794851, 25.944417362442707], [32.54328787225204, 25.892914350652624], [32.347672562234614, 25.725773156022026], [32.24184161392235, 25.306159087785502], [32.63707079901521, 25.005303718371426], [32.76496131174994, 24.712365595545613], [32.7481902860308, 24.000722843443253], [33.1323302880233, 23.995802001554413], [33.108127742127095, 25.044678825285935], [32.895238332730926, 25.16628773201873], [32.69416545397499, 25.493956176070828], [32.947769292131625, 25.89087413654745], [32.90137901724346, 26.194896404784057], [32.171805682304054, 26.41109001945793], [31.524272601943938, 26.998793286445707], [31.383178339626408, 27.26633843787617], [30.980737285993307, 27.416592999634588], [30.930940053842043, 28.03348833833653], [31.001844706188294, 28.51000486287415], [31.37019594180969, 29.305804680081025], [31.87211118809071, 29.267181378985402], [32.53772168551441, 29.407499535929993], [32.3408270836643, 29.594864173234686], [32.47763617301253, 29.936800058803303], [32.84801885076164, 30.16182550154576], [32.72910154311648, 30.558076823234998], [32.762468338735985, 30.867648168919068], [32.68537449575814, 31.04491985873768], [32.32958225752087, 31.269300044308867], [32.21475403958888, 31.282427109872735], [32.27979123936085, 31.124300158646317], [32.14306328711131, 31.0741641409831], [31.777463277057542, 31.27739109480343], [31.909654105433173, 31.527564250767764], [32.0172182301798, 31.380554051378187], [32.20249114810904, 31.290936083305773], [31.9214823111845, 31.529882183453562], [31.87170017735304, 31.534918030038103], [31.55694512751292, 31.44221803626223], [31.100712813184785, 31.601398909376332]]]}}, {"type": "Feature", "id": "Q41137_-1700_-1501", "properties": {"qid": "Q41137", "nombre_src": "Assyria", "desde": -1700, "hasta": -1501, "cortes": [-1600], "origen": "cliopatria", "seshat": ""}, "geometry": {"type": "MultiPolygon", "coordinates": [[[[45.53964614868164, 35.194007873535156], [45.89838409423828, 35.00096893310547], [45.88014221191406, 34.87228775024414], [45.7167854309082, 34.80794906616211], [45.766876220703125, 34.614952087402344], [45.535648345947266, 34.614952087402344], [45.50899887084961, 34.42197799682617], [45.6541633605957, 34.3576545715332], [45.6276969909668, 34.164703369140625], [44.396671295166016, 34.164703369140625], [44.371360778808594, 33.971771240234375], [44.499916076660156, 33.77885055541992], [44.423091888427734, 33.77885055541992], [44.37346649169922, 33.393062591552734], [44.21189880371094, 33.32876968383789], [44.13520812988281, 33.32876968383789], [44.07476043701172, 33.45735549926758], [43.47697067260742, 33.5859489440918], [43.278812408447266, 33.84315490722656], [43.125125885009766, 33.84315490722656], [42.91866683959961, 34.03607940673828], [42.89041519165039, 34.42197799682617], [42.72825241088867, 34.3576545715332], [42.43638229370117, 34.48630142211914], [42.43279266357422, 35.065311431884766], [42.89609146118164, 35.065311431884766], [42.8609619140625, 35.38706970214844], [43.127254486083984, 35.644527435302734], [43.44558334350586, 35.708900451660156], [43.412078857421875, 36.03080368041992], [43.602901458740234, 36.28839111328125], [44.27931213378906, 36.67487716674805], [44.3570556640625, 36.67487716674805], [44.39749526977539, 36.417205810546875], [44.62114334106445, 36.3527946472168], [44.60259246826172, 36.2239875793457], [45.16731262207031, 35.837650299072266], [45.14886474609375, 35.708900451660156], [45.54877471923828, 35.258358001708984], [45.53964614868164, 35.194007873535156]]], [[[27.595130920410156, 40.93837356567383], [27.51578140258789, 40.93837356567383], [27.52161979675293, 41.00318908691406], [27.600997924804688, 41.00318908691406], [27.595130920410156, 40.93837356567383]]], [[[27.76569175720215, 41.06801223754883], [27.759750366210938, 41.00318908691406], [27.600997924804688, 41.00318908691406], [27.606884002685547, 41.06801223754883], [27.76569175720215, 41.06801223754883]]]]}}, {"type": "Feature", "id": "Q728479_-1600_-1501", "properties": {"qid": "Q728479", "nombre_src": "Fifteenth Dynasty of Egypt", "desde": -1600, "hasta": -1501, "cortes": [-1600], "origen": "cliopatria", "seshat": "eg_thebes_hyksos"}, "geometry": {"type": "Polygon", "coordinates": [[[31.098327113655287, 31.601664131088427], [30.97784513487638, 31.583536085866363], [31.126454099179075, 31.496664196680797], [30.90250020747968, 31.420273208275432], [30.54416328369458, 31.393191110728825], [30.95610918281863, 31.575691127543095], [30.35544506854661, 31.50284501322864], [30.428775310151966, 31.43157112585483], [30.354445107793826, 31.44832710275905], [30.289718206505015, 31.237354095683894], [30.064445171497525, 31.32027307975135], [29.497160077412527, 30.94561350529802], [29.502583909813826, 30.502766742745933], [30.115655180987133, 30.06689028785865], [30.37513545877673, 29.720170380093034], [30.38526836739363, 29.422147580137334], [30.02923075937185, 29.18600714528452], [29.94601875462713, 28.915036982428212], [30.052122451793366, 28.77325026984942], [30.448412711608604, 28.71085510726299], [30.600090695442056, 27.659407577328995], [31.003116450015153, 27.65807348915594], [30.930940053842043, 28.03348833833653], [31.001844706188294, 28.51000486287415], [31.328401975279746, 29.232307954533212], [30.883547796923477, 29.232859566159995], [30.62640688335246, 29.36596214790612], [30.806178197024543, 29.677631477278723], [30.931016211785025, 30.289615761168562], [30.65708459337118, 30.08687369818576], [30.80669897500602, 30.796411222703238], [30.94970813753343, 30.86327863444916], [31.053219343236677, 31.182756262730955], [31.433745092747692, 31.245908817332726], [31.525309685458616, 31.4478386288184], [31.098327113655287, 31.601664131088427]]]}}, {"type": "Feature", "id": "Q642301_-1600_-1501", "properties": {"qid": "Q642301", "nombre_src": "Seventeenth Dynasty of Egypt", "desde": -1600, "hasta": -1501, "cortes": [-1600], "origen": "cliopatria", "seshat": "eg_thebes_hyksos"}, "geometry": {"type": "Polygon", "coordinates": [[[31.753645799018393, 26.88650847355873], [30.98377417514701, 27.464739505787396], [30.965027055000753, 27.66243053518231], [30.600090695442056, 27.659407577328995], [30.636155298345745, 27.377523738848026], [31.619609768703235, 26.434736194336566], [31.84759135794851, 25.944417362442707], [32.54328787225204, 25.892914350652624], [32.38057549684078, 25.552882907845884], [32.75167462979407, 24.125559246312633], [33.35401748030991, 24.074948768873305], [33.36343970557533, 24.395072350728956], [33.076460891616534, 25.118495074157384], [32.82329835636685, 25.3512484721135], [33.03013148869665, 25.88512834224023], [32.936384373038834, 26.24759796553661], [32.58812296527272, 26.454485770674406], [33.07204127604375, 26.73235034642537], [33.94533503796466, 26.648835276445766], [33.94347329483155, 26.93569113397504], [33.83148448666218, 27.130613202417916], [31.753645799018393, 26.88650847355873]]]}}, {"type": "Feature", "id": "Q47690_-1600_-1501", "properties": {"qid": "Q47690", "nombre_src": "Babylonia", "desde": -1600, "hasta": -1501, "cortes": [-1600], "origen": "cliopatria", "seshat": "iq_babylonia_1"}, "geometry": {"type": "Polygon", "coordinates": [[[46.642086029052734, 33.71455001831055], [46.284515380859375, 33.90746307373047], [46.379180908203125, 34.03607940673828], [45.61892318725586, 34.10039138793945], [45.6276969909668, 34.164703369140625], [44.396671295166016, 34.164703369140625], [44.371360778808594, 33.971771240234375], [44.499916076660156, 33.77885055541992], [44.423091888427734, 33.77885055541992], [44.37346649169922, 33.393062591552734], [44.21189880371094, 33.32876968383789], [44.20378112792969, 33.26447677612305], [43.97376251220703, 33.26447677612305], [43.881072998046875, 33.13589859008789], [44.10295486450195, 33.07160949707031], [44.21625900268555, 32.75019073486328], [43.91801834106445, 32.81447219848633], [43.82581329345703, 32.685909271240234], [43.435577392578125, 32.62162780761719], [43.420249938964844, 32.493072509765625], [44.459014892578125, 31.593257904052734], [44.5814208984375, 31.336183547973633], [44.95460891723633, 31.271915435791016], [45.77046203613281, 30.436433792114258], [46.590572357177734, 30.307893753051758], [46.62053298950195, 30.564971923828125], [47.799049377441406, 30.886310577392578], [48.09514617919922, 30.822044372558594], [48.103145599365234, 30.886310577392578], [49.14290237426758, 30.69350814819336], [48.74419403076172, 31.143381118774414], [48.592010498046875, 31.143381118774414], [48.252750396728516, 31.464719772338867], [48.15162658691406, 32.428794860839844], [47.93099594116211, 32.493072509765625], [47.966007232666016, 32.75019073486328], [47.61848449707031, 33.00732421875], [47.636207580566406, 33.13589859008789], [46.75147247314453, 33.393062591552734], [46.69233322143555, 33.52165222167969], [46.78679656982422, 33.65024948120117], [46.63322448730469, 33.65024948120117], [46.642086029052734, 33.71455001831055]]]}}, {"type": "Feature", "id": "Q737695_-1600_-1501", "properties": {"qid": "Q737695", "nombre_src": "Sixteenth Dynasty of Egypt", "desde": -1600, "hasta": -1501, "cortes": [-1600], "origen": "cliopatria", "seshat": "eg_thebes_hyksos"}, "geometry": {"type": "MultiPolygon", "coordinates": [[[[32.8452853500329, 30.076206692260495], [32.47763617301253, 29.936800058803303], [32.36083619652769, 29.683054033179992], [32.36825418003561, 29.544509051805306], [32.57275211806328, 29.36971878920112], [31.45984633505964, 29.232144965457536], [31.430577242365786, 29.425105538551236], [31.61781738533117, 30.445363023596318], [32.860418687753956, 30.50641368941377], [32.8452853500329, 30.076206692260495]]], [[[32.14306328711131, 31.0741641409831], [32.27979123936085, 31.124300158646317], [32.21475403958888, 31.282427109872735], [32.32958225752087, 31.269300044308867], [32.3806455271916, 31.2164377587245], [32.321888962218075, 31.023689403062914], [31.850655641583128, 30.658315215954985], [31.498777931705014, 30.599648282564], [31.41040421531376, 30.441243189673976], [30.931016211785025, 30.289615761168562], [30.65708459337118, 30.08687369818576], [30.80669897500602, 30.796411222703238], [30.94970813753343, 30.86327863444916], [31.053219343236677, 31.182756262730955], [31.433745092747692, 31.245908817332726], [31.525309685458616, 31.4478386288184], [31.908253396112283, 31.524913387045203], [31.777463277057542, 31.27739109480343], [32.14306328711131, 31.0741641409831]]], [[[31.911163429864395, 31.525501424652642], [32.20249114810904, 31.290936083305773], [32.0172182301798, 31.380554051378187], [31.911163429864395, 31.525501424652642]]]]}}, {"type": "Feature", "id": "Q134178_-1600_-1501", "properties": {"qid": "Q134178", "nombre_src": "Minoan civilization", "desde": -1600, "hasta": -1501, "cortes": [-1600], "origen": "cliopatria", "seshat": "gr_crete_new_palace"}, "geometry": {"type": "Polygon", "coordinates": [[[23.679210662841797, 35.258358001708984], [24.7574462890625, 35.194007873535156], [24.823745727539062, 35.00096893310547], [26.140073776245117, 35.065311431884766], [26.22533416748047, 35.194007873535156], [25.680648803710938, 35.12965774536133], [25.69233512878418, 35.32271194458008], [24.30097007751465, 35.32271194458008], [24.149879455566406, 35.38706970214844], [24.156919479370117, 35.51579284667969], [23.615402221679688, 35.51579284667969], [23.679210662841797, 35.258358001708984]]]}}, {"type": "Feature", "id": "Q128904_-1600_-1401", "properties": {"qid": "Q128904", "nombre_src": "Elam", "desde": -1600, "hasta": -1401, "cortes": [-1600], "origen": "cliopatria", "seshat": "ir_elam_4"}, "geometry": {"type": "MultiPolygon", "coordinates": [[[[49.85148620605469, 32.557350158691406], [49.8241081237793, 32.36451721191406], [50.03515625, 32.23596954345703], [50.0170783996582, 32.107421875], [50.286407470703125, 31.8503360748291], [50.16586685180664, 31.528987884521484], [50.4794921875, 31.593257904052734], [50.38563537597656, 31.464719772338867], [50.72254943847656, 31.143381118774414], [50.7052001953125, 31.014846801757812], [50.983463287353516, 30.822044372558594], [50.96632385253906, 30.69350814819336], [51.1012077331543, 30.564971923828125], [51.47236251831055, 30.500701904296875], [51.51433181762695, 30.243623733520508], [51.72506332397461, 30.115081787109375], [51.70834732055664, 29.986536026000977], [52.240230560302734, 29.40805435180664], [52.20804977416992, 29.150936126708984], [51.88204574584961, 28.958093643188477], [51.858787536621094, 28.765243530273438], [51.55670928955078, 28.765243530273438], [51.06624984741211, 28.44382095336914], [51.028076171875, 28.765243530273438], [50.80903244018555, 28.829526901245117], [50.9150390625, 29.08665657043457], [50.620323181152344, 29.150936126708984], [50.65126037597656, 29.40805435180664], [50.23628234863281, 29.729440689086914], [50.0648078918457, 30.179353713989258], [49.34638977050781, 30.500701904296875], [49.110572814941406, 30.436433792114258], [49.126670837402344, 30.564971923828125], [49.28668975830078, 30.629240036010742], [49.134769439697266, 30.629240036010742], [49.14290237426758, 30.69350814819336], [48.74419403076172, 31.143381118774414], [48.592010498046875, 31.143381118774414], [48.252750396728516, 31.464719772338867], [48.15162658691406, 32.428794860839844], [47.93099594116211, 32.493072509765625], [47.966007232666016, 32.75019073486328], [47.61848449707031, 33.00732421875], [47.636207580566406, 33.13589859008789], [48.54673767089844, 33.07160949707031], [48.68178939819336, 32.94303894042969], [48.98810958862305, 32.94303894042969], [49.046443939208984, 32.81447219848633], [49.27607345581055, 32.81447219848633], [49.24876022338867, 32.62162780761719], [49.716880798339844, 32.685909271240234], [49.85148620605469, 32.557350158691406]]], [[[50.537986755371094, 31.464719772338867], [50.46181106567383, 31.464719772338867], [50.47063446044922, 31.528987884521484], [50.54682540893555, 31.528987884521484], [50.537986755371094, 31.464719772338867]]]]}}, {"type": "Feature", "id": "Q5406_-1600_-1501", "properties": {"qid": "Q5406", "nombre_src": "Hittites", "desde": -1600, "hasta": -1501, "cortes": [-1600], "origen": "cliopatria", "seshat": "tr_hatti_old_k"}, "geometry": {"type": "Polygon", "coordinates": [[[36.8121452331543, 39.25570297241211], [36.144596099853516, 39.57893371582031], [36.036346435546875, 39.9670295715332], [35.9573974609375, 39.9670295715332], [35.98243713378906, 40.16116714477539], [35.579044342041016, 40.0964469909668], [35.52480697631836, 40.29063034057617], [35.12940216064453, 40.29063034057617], [35.09696960449219, 40.031734466552734], [34.78902053833008, 40.0964469909668], [34.11097717285156, 39.70827102661133], [34.16714859008789, 39.51427459716797], [34.63212585449219, 39.449623107910156], [34.78194808959961, 39.38497543334961], [34.8377571105957, 39.19107437133789], [34.99504852294922, 39.19107437133789], [34.9647102355957, 38.93262481689453], [35.1142463684082, 38.8680305480957], [35.005855560302734, 38.60969924926758], [35.047447204589844, 38.28691864013672], [35.2750129699707, 38.22237777709961], [35.3095588684082, 37.835243225097656], [35.54399108886719, 37.835243225097656], [35.68567657470703, 37.706241607666016], [35.86199951171875, 37.1904182434082], [36.0178337097168, 37.1904182434082], [35.99635696411133, 36.9970588684082], [36.46345901489258, 36.9970588684082], [36.5780029296875, 37.3193473815918], [36.8118896484375, 37.3193473815918], [36.98289108276367, 37.44829177856445], [37.11619567871094, 37.254878997802734], [37.762962341308594, 37.44829177856445], [37.79433059692383, 37.706241607666016], [37.64599609375, 37.7707405090332], [37.83415603637695, 38.028785705566406], [37.796356201171875, 38.351463317871094], [37.43708801269531, 38.60969924926758], [37.28023147583008, 38.60969924926758], [37.3831901550293, 38.80344009399414], [36.99069595336914, 38.80344009399414], [37.01513671875, 38.997230529785156], [36.803916931152344, 39.19107437133789], [36.8121452331543, 39.25570297241211]]]}}, {"type": "Feature", "id": "Q128938_-1600_-1241", "properties": {"qid": "Q128938", "nombre_src": "Shang Dynasty", "desde": -1600, "hasta": -1241, "cortes": [-1600, -1350], "origen": "cliopatria", "seshat": "cn_erligang"}, "geometry": {"type": "Polygon", "coordinates": [[[116.39225769042969, 37.7707405090332], [116.28266143798828, 38.028785705566406], [116.12623596191406, 38.028785705566406], [116.03263854980469, 38.157840728759766], [116.09590911865234, 38.28691864013672], [115.63345336914062, 38.93262481689453], [115.0836181640625, 38.93262481689453], [114.388916015625, 38.48057174682617], [114.24909973144531, 38.028785705566406], [114.32731628417969, 38.028785705566406], [113.97607421875, 37.44829177856445], [113.7887954711914, 36.8681755065918], [113.29812622070312, 36.28839111328125], [111.52283477783203, 35.58015823364258], [110.8770980834961, 35.51579284667969], [110.66930389404297, 35.38706970214844], [110.54113006591797, 35.45143127441406], [110.0746078491211, 35.065311431884766], [110.82063293457031, 35.00096893310547], [111.10469818115234, 35.12965774536133], [112.47119140625, 35.258358001708984], [114.3758544921875, 35.194007873535156], [114.83484649658203, 35.00096893310547], [114.85417938232422, 34.679283142089844], [115.1089096069336, 34.55062484741211], [115.1829833984375, 34.3576545715332], [115.43783569335938, 34.22901916503906], [116.00321197509766, 34.2933349609375], [116.42337036132812, 34.743614196777344], [117.05194091796875, 35.12965774536133], [117.0586166381836, 35.32271194458008], [117.26962280273438, 35.45143127441406], [117.71170806884766, 36.09519577026367], [118.30652618408203, 36.5460319519043], [118.45719909667969, 36.8681755065918], [118.31512451171875, 37.06150817871094], [116.8150863647461, 37.51277160644531], [116.84593200683594, 37.5772590637207], [116.56458282470703, 37.641746520996094], [116.47037506103516, 37.7707405090332], [116.39225769042969, 37.7707405090332]]]}}, {"type": "Feature", "id": "Q7440601_-1600_-1501", "properties": {"qid": "Q7440601", "nombre_src": "First Sealand Dynasty", "desde": -1600, "hasta": -1501, "cortes": [-1600], "origen": "cliopatria", "seshat": ""}, "geometry": {"type": "Polygon", "coordinates": [[[46.99397659301758, 29.857990264892578], [46.61511993408203, 29.857990264892578], [46.583160400390625, 30.243623733520508], [46.62053298950195, 30.564971923828125], [47.799049377441406, 30.886310577392578], [48.09514617919922, 30.822044372558594], [48.05561828613281, 30.500701904296875], [48.19963455200195, 30.436433792114258], [48.184051513671875, 30.307893753051758], [47.865203857421875, 30.179353713989258], [47.850006103515625, 30.050809860229492], [47.622554779052734, 30.050809860229492], [47.36547088623047, 29.79371452331543], [46.97944259643555, 29.729440689086914], [46.99397659301758, 29.857990264892578]]]}}, {"type": "Feature", "id": "Q181264_-1400_-1301", "properties": {"qid": "Q181264", "nombre_src": "Mycenaean Greece", "desde": -1400, "hasta": -1301, "cortes": [-1350], "origen": "cliopatria", "seshat": ""}, "geometry": {"type": "MultiPolygon", "coordinates": [[[[23.615402221679688, 35.51579284667969], [24.156919479370117, 35.51579284667969], [24.149879455566406, 35.38706970214844], [24.30097007751465, 35.32271194458008], [25.69233512878418, 35.32271194458008], [25.680648803710938, 35.12965774536133], [26.22533416748047, 35.194007873535156], [26.140073776245117, 35.065311431884766], [24.823745727539062, 35.00096893310547], [24.7574462890625, 35.194007873535156], [23.679210662841797, 35.258358001708984], [23.615402221679688, 35.51579284667969]]], [[[22.87404441833496, 36.15959167480469], [22.887205123901367, 36.417205810546875], [23.116798400878906, 36.3527946472168], [23.10675048828125, 36.15959167480469], [22.87404441833496, 36.15959167480469]]], [[[24.201318740844727, 37.641746520996094], [24.36141586303711, 37.706241607666016], [24.43158721923828, 37.5772590637207], [24.27158546447754, 37.51277160644531], [24.201318740844727, 37.641746520996094]]], [[[24.830005645751953, 37.706241607666016], [24.681930541992188, 37.835243225097656], [24.694225311279297, 38.028785705566406], [24.772438049316406, 38.028785705566406], [25.068470001220703, 37.7707405090332], [24.830005645751953, 37.706241607666016]]], [[[23.16720199584961, 38.67427444458008], [23.312631607055664, 38.48057174682617], [23.626148223876953, 38.48057174682617], [23.563383102416992, 38.738853454589844], [24.030162811279297, 38.67427444458008], [24.178871154785156, 38.54513168334961], [24.158668518066406, 38.22237777709961], [24.002099990844727, 38.22237777709961], [23.9786319732666, 37.835243225097656], [23.44280242919922, 38.028785705566406], [23.208162307739258, 38.028785705566406], [23.20083236694336, 37.89975357055664], [23.044498443603516, 37.89975357055664], [23.108261108398438, 37.641746520996094], [23.342487335205078, 37.641746520996094], [23.402393341064453, 37.3193473815918], [23.168506622314453, 37.3193473815918], [23.175601959228516, 37.44829177856445], [22.94858741760254, 37.5772590637207], [22.71442985534668, 37.5772590637207], [22.700735092163086, 37.3193473815918], [22.853219985961914, 37.254878997802734], [23.056013107299805, 36.67487716674805], [22.83283233642578, 36.8681755065918], [22.59941291809082, 36.8681755065918], [22.51182746887207, 36.67487716674805], [22.35634422302246, 36.67487716674805], [22.21999168395996, 37.06150817871094], [21.90850067138672, 37.06150817871094], [21.899152755737305, 36.8681755065918], [21.743539810180664, 36.8681755065918], [21.681032180786133, 37.1904182434082], [21.60311508178711, 37.1904182434082], [21.696598052978516, 37.51277160644531], [21.243581771850586, 37.835243225097656], [21.415550231933594, 38.157840728759766], [21.728593826293945, 38.157840728759766], [21.738431930541992, 38.351463317871094], [21.271604537963867, 38.416015625], [21.3660831451416, 38.738853454589844], [21.854122161865234, 39.06184005737305], [21.78593635559082, 39.25570297241211], [21.93974494934082, 39.19107437133789], [22.59922981262207, 39.70827102661133], [22.835771560668945, 39.70827102661133], [23.135168075561523, 39.449623107910156], [22.816326141357422, 39.38497543334961], [22.797286987304688, 39.06184005737305], [23.115549087524414, 39.1264533996582], [23.10781478881836, 38.997230529785156], [23.34353256225586, 38.997230529785156], [23.488826751708984, 38.80344009399414], [23.178667068481445, 38.8680305480957], [23.182519912719727, 38.93262481689453], [22.943096160888672, 38.8680305480957], [22.935583114624023, 38.738853454589844], [23.16720199584961, 38.67427444458008]]], [[[23.488826751708984, 38.80344009399414], [23.56732749938965, 38.80344009399414], [23.563383102416992, 38.738853454589844], [23.484909057617188, 38.738853454589844], [23.488826751708984, 38.80344009399414]]], [[[24.662033081054688, 38.738853454589844], [24.35651969909668, 38.8680305480957], [24.364974975585938, 38.997230529785156], [24.674930572509766, 38.93262481689453], [24.662033081054688, 38.738853454589844]]], [[[27.742563247680664, 35.902034759521484], [27.692523956298828, 36.28839111328125], [28.01713752746582, 36.48161697387695], [28.250165939331055, 36.48161697387695], [28.139331817626953, 36.03080368041992], [27.742563247680664, 35.902034759521484]]], [[[25.330806732177734, 36.9970588684082], [25.339021682739258, 37.12596130371094], [25.57270622253418, 37.12596130371094], [25.56435775756836, 36.9970588684082], [25.330806732177734, 36.9970588684082]]], [[[25.0518856048584, 37.51277160644531], [24.986202239990234, 37.706241607666016], [25.220497131347656, 37.706241607666016], [25.285974502563477, 37.51277160644531], [25.0518856048584, 37.51277160644531]]], [[[25.988245010375977, 37.51277160644531], [26.079580307006836, 37.706241607666016], [26.313875198364258, 37.706241607666016], [26.304851531982422, 37.5772590637207], [25.988245010375977, 37.51277160644531]]], [[[26.62165641784668, 37.641746520996094], [26.55739402770996, 37.835243225097656], [27.026260375976562, 37.835243225097656], [27.012035369873047, 37.641746520996094], [26.62165641784668, 37.641746520996094]]], [[[25.876405715942383, 38.157840728759766], [25.89913558959961, 38.48057174682617], [25.820756912231445, 38.48057174682617], [25.912982940673828, 38.67427444458008], [25.99143409729004, 38.67427444458008], [26.217344284057617, 38.54513168334961], [26.111188888549805, 38.157840728759766], [25.876405715942383, 38.157840728759766]]]]}}, {"type": "Feature", "id": "Q178665_-1400_-1301", "properties": {"qid": "Q178665", "nombre_src": "Mitanni", "desde": -1400, "hasta": -1301, "cortes": [-1350], "origen": "cliopatria", "seshat": "sy_mitanni_k"}, "geometry": {"type": "Polygon", "coordinates": [[[39.93037796020508, 37.3193473815918], [39.04390335083008, 37.706241607666016], [38.98234176635742, 37.835243225097656], [38.66976547241211, 37.835243225097656], [37.85028076171875, 38.157840728759766], [37.66975402832031, 37.96426773071289], [37.63813400268555, 37.706241607666016], [37.78644943237305, 37.641746520996094], [37.7707633972168, 37.51277160644531], [37.59921646118164, 37.38381576538086], [36.66340255737305, 37.38381576538086], [36.3856086730957, 36.9970588684082], [36.081363677978516, 37.06150817871094], [35.982154846191406, 36.8681755065918], [36.144901275634766, 36.932613372802734], [36.26490020751953, 36.61045455932617], [36.632049560546875, 36.417205810546875], [36.61785888671875, 36.28839111328125], [36.45561599731445, 36.2239875793457], [36.262107849121094, 35.12965774536133], [36.3393440246582, 35.12965774536133], [36.29301834106445, 34.679283142089844], [36.63888931274414, 34.2933349609375], [36.71586608886719, 34.2933349609375], [36.65201950073242, 34.42197799682617], [36.8193359375, 34.55062484741211], [38.00316619873047, 34.80794906616211], [38.17873764038086, 35.00096893310547], [38.41752624511719, 35.065311431884766], [38.80360794067383, 35.065311431884766], [39.09039306640625, 34.87228775024414], [39.2520866394043, 34.93662643432617], [39.978660583496094, 34.55062484741211], [40.93434143066406, 34.80794906616211], [41.282508850097656, 35.12965774536133], [41.9532585144043, 34.93662643432617], [42.81052780151367, 35.00096893310547], [42.9467887878418, 35.45143127441406], [43.43685531616211, 35.644527435302734], [43.59391784667969, 36.2239875793457], [44.34770965576172, 36.61045455932617], [44.29805374145508, 36.80373764038086], [43.849937438964844, 36.932613372802734], [43.79077911376953, 37.06150817871094], [43.557159423828125, 37.06150817871094], [43.60720443725586, 36.8681755065918], [43.15862274169922, 36.9970588684082], [43.053497314453125, 36.80373764038086], [42.586788177490234, 36.80373764038086], [42.604679107666016, 36.932613372802734], [42.45796585083008, 36.9970588684082], [42.40705871582031, 37.1904182434082], [40.84870910644531, 37.1904182434082], [40.36437225341797, 37.06150817871094], [40.242225646972656, 37.3193473815918], [39.93037796020508, 37.3193473815918]]]}}, {"type": "Feature", "id": "Q5406_-1400_-1301", "properties": {"qid": "Q5406", "nombre_src": "Hittites", "desde": -1400, "hasta": -1301, "cortes": [-1350], "origen": "cliopatria", "seshat": "tr_hatti_new_k"}, "geometry": {"type": "Polygon", "coordinates": [[[36.8121452331543, 39.25570297241211], [36.144596099853516, 39.57893371582031], [36.036346435546875, 39.9670295715332], [35.9573974609375, 39.9670295715332], [35.98243713378906, 40.16116714477539], [35.579044342041016, 40.0964469909668], [35.52480697631836, 40.29063034057617], [35.12940216064453, 40.29063034057617], [35.09696960449219, 40.031734466552734], [34.78902053833008, 40.0964469909668], [34.362892150878906, 39.8376350402832], [34.077999114990234, 40.0964469909668], [33.445980072021484, 40.0964469909668], [33.33720779418945, 39.8376350402832], [33.085960388183594, 39.70827102661133], [32.20475769042969, 39.57893371582031], [31.81757354736328, 39.64360046386719], [31.725231170654297, 39.51427459716797], [31.829355239868164, 38.997230529785156], [31.659210205078125, 38.8680305480957], [31.737733840942383, 38.8680305480957], [31.764842987060547, 38.351463317871094], [31.843175888061523, 38.351463317871094], [31.81793975830078, 38.09331130981445], [31.896175384521484, 38.09331130981445], [31.87120819091797, 37.835243225097656], [31.949352264404297, 37.835243225097656], [31.92464256286621, 37.5772590637207], [32.05619812011719, 37.3193473815918], [31.966127395629883, 37.1904182434082], [32.09781265258789, 36.932613372802734], [32.31920623779297, 36.80373764038086], [32.372955322265625, 36.5460319519043], [32.52234649658203, 36.48161697387695], [32.558349609375, 36.03080368041992], [33.97906494140625, 36.28839111328125], [34.2507209777832, 36.67487716674805], [34.581634521484375, 36.8681755065918], [34.892860412597656, 36.8681755065918], [34.95038986206055, 36.67487716674805], [35.11265563964844, 36.73930740356445], [35.332271575927734, 36.61045455932617], [35.487709045410156, 36.61045455932617], [35.833587646484375, 36.932613372802734], [35.90435028076172, 36.8681755065918], [35.982154846191406, 36.8681755065918], [36.081363677978516, 37.06150817871094], [36.3856086730957, 36.9970588684082], [36.66340255737305, 37.38381576538086], [37.59921646118164, 37.38381576538086], [37.7707633972168, 37.51277160644531], [37.78644943237305, 37.641746520996094], [37.63813400268555, 37.706241607666016], [37.66975402832031, 37.96426773071289], [37.85028076171875, 38.157840728759766], [37.8583869934082, 38.22237777709961], [37.65597152709961, 38.48057174682617], [37.28023147583008, 38.60969924926758], [37.3831901550293, 38.80344009399414], [36.99069595336914, 38.80344009399414], [37.01513671875, 38.997230529785156], [36.803916931152344, 39.19107437133789], [36.8121452331543, 39.25570297241211]]]}}, {"type": "Feature", "id": "Q41137_-1400_-1301", "properties": {"qid": "Q41137", "nombre_src": "Assyria", "desde": -1400, "hasta": -1301, "cortes": [-1350], "origen": "cliopatria", "seshat": ""}, "geometry": {"type": "Polygon", "coordinates": [[[45.53964614868164, 35.194007873535156], [45.40333557128906, 35.32271194458008], [45.42163848876953, 35.45143127441406], [45.27610778808594, 35.51579284667969], [45.29448318481445, 35.644527435302734], [45.14886474609375, 35.708900451660156], [45.16731262207031, 35.837650299072266], [44.96261215209961, 36.03080368041992], [44.80755615234375, 36.03080368041992], [44.60259246826172, 36.2239875793457], [44.62114334106445, 36.3527946472168], [44.465877532958984, 36.3527946472168], [44.3383903503418, 36.5460319519043], [44.34770965576172, 36.61045455932617], [43.59391784667969, 36.2239875793457], [43.43685531616211, 35.644527435302734], [43.514259338378906, 35.644527435302734], [43.41082000732422, 35.45143127441406], [43.44514465332031, 35.12965774536133], [44.39678955078125, 34.743614196777344], [44.37950134277344, 34.614952087402344], [44.593414306640625, 34.48630142211914], [44.473609924316406, 34.164703369140625], [45.55075454711914, 34.164703369140625], [45.64531326293945, 34.2933349609375], [45.50016784667969, 34.3576545715332], [45.535648345947266, 34.614952087402344], [45.68980026245117, 34.614952087402344], [45.7167854309082, 34.80794906616211], [45.88014221191406, 34.87228775024414], [45.889251708984375, 34.93662643432617], [45.76225280761719, 35.12965774536133], [45.530540466308594, 35.12965774536133], [45.53964614868164, 35.194007873535156]]]}}, {"type": "Feature", "id": "Q128904_-1400_-1301", "properties": {"qid": "Q128904", "nombre_src": "Elam", "desde": -1400, "hasta": -1301, "cortes": [-1350], "origen": "cliopatria", "seshat": "ir_elam_5"}, "geometry": {"type": "MultiPolygon", "coordinates": [[[[49.85148620605469, 32.557350158691406], [49.8241081237793, 32.36451721191406], [50.03515625, 32.23596954345703], [50.0170783996582, 32.107421875], [50.286407470703125, 31.8503360748291], [50.16586685180664, 31.528987884521484], [50.4794921875, 31.593257904052734], [50.38563537597656, 31.464719772338867], [50.72254943847656, 31.143381118774414], [50.7052001953125, 31.014846801757812], [50.983463287353516, 30.822044372558594], [50.96632385253906, 30.69350814819336], [51.1012077331543, 30.564971923828125], [51.47236251831055, 30.500701904296875], [51.51433181762695, 30.243623733520508], [51.72506332397461, 30.115081787109375], [51.70834732055664, 29.986536026000977], [52.240230560302734, 29.40805435180664], [52.20804977416992, 29.150936126708984], [51.88204574584961, 28.958093643188477], [51.858787536621094, 28.765243530273438], [51.55670928955078, 28.765243530273438], [51.06624984741211, 28.44382095336914], [51.028076171875, 28.765243530273438], [50.80903244018555, 28.829526901245117], [50.9150390625, 29.08665657043457], [50.620323181152344, 29.150936126708984], [50.65126037597656, 29.40805435180664], [50.23628234863281, 29.729440689086914], [50.0648078918457, 30.179353713989258], [49.585899353027344, 29.986536026000977], [49.01873016357422, 30.307893753051758], [49.11860656738281, 30.500701904296875], [49.27046203613281, 30.500701904296875], [49.28668975830078, 30.629240036010742], [48.252750396728516, 31.464719772338867], [48.15162658691406, 32.428794860839844], [47.93099594116211, 32.493072509765625], [47.966007232666016, 32.75019073486328], [47.61848449707031, 33.00732421875], [47.636207580566406, 33.13589859008789], [48.54673767089844, 33.07160949707031], [48.68178939819336, 32.94303894042969], [48.98810958862305, 32.94303894042969], [49.046443939208984, 32.81447219848633], [49.27607345581055, 32.81447219848633], [49.24876022338867, 32.62162780761719], [49.716880798339844, 32.685909271240234], [49.85148620605469, 32.557350158691406]]], [[[50.537986755371094, 31.464719772338867], [50.46181106567383, 31.464719772338867], [50.47063446044922, 31.528987884521484], [50.54682540893555, 31.528987884521484], [50.537986755371094, 31.464719772338867]]]]}}, {"type": "Feature", "id": "Q47690_-1400_-1301", "properties": {"qid": "Q47690", "nombre_src": "Babylonia", "desde": -1400, "hasta": -1301, "cortes": [-1350], "origen": "cliopatria", "seshat": "iq_babylonia_2"}, "geometry": {"type": "Polygon", "coordinates": [[[45.87105941772461, 34.80794906616211], [46.175201416015625, 34.22901916503906], [46.14847946166992, 34.03607940673828], [46.379180908203125, 34.03607940673828], [46.284515380859375, 33.90746307373047], [46.78679656982422, 33.65024948120117], [46.683536529541016, 33.45735549926758], [47.636207580566406, 33.13589859008789], [47.61848449707031, 33.00732421875], [47.966007232666016, 32.75019073486328], [47.93099594116211, 32.493072509765625], [48.15162658691406, 32.428794860839844], [48.252750396728516, 31.464719772338867], [49.28668975830078, 30.629240036010742], [49.27046203613281, 30.500701904296875], [49.04267883300781, 30.500701904296875], [48.942848205566406, 30.307893753051758], [48.987266540527344, 30.050809860229492], [48.36544418334961, 29.922264099121094], [48.40353012084961, 29.600887298583984], [47.8662223815918, 29.536611557006836], [47.28971481323242, 29.79371452331543], [46.97944259643555, 29.729440689086914], [46.99397659301758, 29.857990264892578], [46.84971618652344, 29.922264099121094], [46.61511993408203, 29.857990264892578], [46.590572357177734, 30.307893753051758], [45.77046203613281, 30.436433792114258], [44.95460891723633, 31.271915435791016], [44.5814208984375, 31.336183547973633], [44.459014892578125, 31.593257904052734], [43.152584075927734, 32.81447219848633], [42.708534240722656, 32.94303894042969], [42.36363983154297, 33.26447677612305], [42.064544677734375, 33.32876968383789], [42.003082275390625, 33.45735549926758], [40.91171646118164, 33.971771240234375], [40.84990692138672, 34.10039138793945], [40.472782135009766, 34.164703369140625], [40.41832733154297, 34.3576545715332], [40.04823684692383, 34.48630142211914], [40.05571746826172, 34.55062484741211], [40.93434143066406, 34.80794906616211], [41.282508850097656, 35.12965774536133], [41.9532585144043, 34.93662643432617], [42.81052780151367, 35.00096893310547], [42.9467887878418, 35.45143127441406], [43.43685531616211, 35.644527435302734], [43.514259338378906, 35.644527435302734], [43.41082000732422, 35.45143127441406], [43.44514465332031, 35.12965774536133], [44.39678955078125, 34.743614196777344], [44.37950134277344, 34.614952087402344], [44.593414306640625, 34.48630142211914], [44.473609924316406, 34.164703369140625], [45.55075454711914, 34.164703369140625], [45.64531326293945, 34.2933349609375], [45.50016784667969, 34.3576545715332], [45.535648345947266, 34.614952087402344], [45.68980026245117, 34.614952087402344], [45.7167854309082, 34.80794906616211], [45.88014221191406, 34.87228775024414], [45.87105941772461, 34.80794906616211]]]}}, {"type": "Feature", "id": "Q180568_-1400_-1301", "properties": {"qid": "Q180568", "nombre_src": "New Kingdom of Egypt", "desde": -1400, "hasta": -1301, "cortes": [-1350], "origen": "cliopatria", "seshat": "eg_new_k_1"}, "geometry": {"type": "Polygon", "coordinates": [[[36.90087890625, 33.84315490722656], [36.868648529052734, 33.52165222167969], [36.996559143066406, 33.26447677612305], [36.716766357421875, 32.75019073486328], [36.750667572021484, 32.30024337768555], [36.5155143737793, 32.23596954345703], [36.65636444091797, 32.107421875], [36.491905212402344, 31.978878021240234], [36.46286392211914, 31.65752601623535], [36.38663864135742, 31.65752601623535], [36.423099517822266, 31.20764923095703], [36.2708854675293, 31.20764923095703], [36.40085220336914, 30.950578689575195], [36.15641784667969, 30.757776260375977], [36.14565658569336, 30.629240036010742], [35.99907684326172, 30.69350814819336], [35.75534439086914, 30.500701904296875], [35.45681381225586, 30.564971923828125], [35.31529235839844, 30.69350814819336], [35.330997467041016, 30.886310577392578], [35.108154296875, 30.950578689575195], [34.80398941040039, 30.950578689575195], [34.55553436279297, 30.69350814819336], [34.672481536865234, 30.243623733520508], [34.814334869384766, 30.115081787109375], [34.799686431884766, 29.922264099121094], [34.87547302246094, 29.922264099121094], [34.8609733581543, 29.729440689086914], [34.93671417236328, 29.729440689086914], [34.91290283203125, 29.40805435180664], [34.75225830078125, 29.279497146606445], [34.71140670776367, 28.700960159301758], [34.54724884033203, 28.508106231689453], [34.517303466796875, 28.058101654052734], [34.35825729370117, 27.92952537536621], [34.345943450927734, 27.736658096313477], [33.90217590332031, 27.865236282348633], [33.553810119628906, 28.315250396728516], [33.40296936035156, 28.315250396728516], [33.18891525268555, 28.508106231689453], [33.14677429199219, 29.022375106811523], [32.857112884521484, 29.21521759033203], [32.58876037597656, 29.729440689086914], [32.60188293457031, 29.922264099121094], [32.44160079956055, 29.79371452331543], [32.68916320800781, 28.958093643188477], [32.83612823486328, 28.893810272216797], [33.10531997680664, 28.379535675048828], [33.60887145996094, 27.993812561035156], [33.585105895996094, 27.608078002929688], [33.7991943359375, 27.41520881652832], [33.92659378051758, 27.029460906982422], [34.07311248779297, 26.96516990661621], [34.05074691772461, 26.57941436767578], [34.33271026611328, 26.257951736450195], [34.325523376464844, 26.129364013671875], [34.1755485534668, 26.129364013671875], [32.38032150268555, 24.650644302368164], [32.3690299987793, 24.393482208251953], [32.4437255859375, 24.393482208251953], [32.395545959472656, 23.236284255981445], [32.76034927368164, 23.043420791625977], [32.89131164550781, 22.59341049194336], [33.035057067871094, 22.46483612060547], [33.02743148803711, 22.271976470947266], [33.240394592285156, 22.014829635620117], [33.158470153808594, 21.821969985961914], [33.23279571533203, 21.821969985961914], [33.22522735595703, 21.629112243652344], [33.37129592895508, 21.5648250579834], [33.35360336303711, 21.114822387695312], [33.780975341796875, 20.664819717407227], [33.75501251220703, 20.021955490112305], [34.159114837646484, 19.057653427124023], [33.638633728027344, 18.993366241455078], [33.577938079833984, 19.314802169799805], [33.13130569458008, 19.25051498413086], [32.830169677734375, 19.12194061279297], [32.28954315185547, 18.543354034423828], [31.915002822875977, 18.414779663085938], [31.83612823486328, 18.286205291748047], [31.23781967163086, 18.093341827392578], [30.868547439575195, 18.093341827392578], [30.651714324951172, 18.2219181060791], [30.596677780151367, 18.736217498779297], [30.522743225097656, 18.736217498779297], [30.5327205657959, 21.114822387695312], [30.458486557006836, 21.114822387695312], [30.487150192260742, 21.950544357299805], [30.41280746459961, 21.950544357299805], [30.491592407226562, 22.079116821289062], [30.07183837890625, 22.85055923461914], [29.925127029418945, 22.914846420288086], [29.649517059326172, 23.557723999023438], [29.502641677856445, 23.622013092041016], [29.157161712646484, 24.393482208251953], [28.421659469604492, 24.714935302734375], [27.987010955810547, 25.100683212280273], [27.99173927307129, 25.229267120361328], [27.84444236755371, 25.29355812072754], [27.854049682617188, 25.55072784423828], [27.70912742614746, 25.67931365966797], [27.861438751220703, 27.54378890991211], [27.7890625, 27.608078002929688], [27.93960952758789, 27.608078002929688], [28.136062622070312, 28.572391510009766], [28.211538314819336, 28.572391510009766], [28.145666122436523, 28.765243530273438], [28.2211856842041, 28.765243530273438], [28.244245529174805, 29.21521759033203], [28.319866180419922, 29.21521759033203], [28.568618774414062, 30.950578689575195], [28.865032196044922, 30.822044372558594], [29.3970890045166, 30.822044372558594], [29.485143661499023, 31.014846801757812], [29.633193969726562, 30.950578689575195], [29.86956024169922, 31.079113006591797], [29.8017635345459, 31.20764923095703], [29.882049560546875, 31.271915435791016], [30.33879280090332, 31.271915435791016], [30.271244049072266, 31.40045166015625], [30.351730346679688, 31.464719772338867], [30.80877685546875, 31.464719772338867], [30.965608596801758, 31.528987884521484], [30.974620819091797, 31.65752601623535], [31.203296661376953, 31.65752601623535], [31.117990493774414, 31.528987884521484], [31.265825271606445, 31.464719772338867], [31.875221252441406, 31.464719772338867], [31.780553817749023, 31.20764923095703], [31.93739891052246, 31.271915435791016], [31.999635696411133, 31.079113006591797], [32.303932189941406, 31.079113006591797], [32.23719787597656, 31.20764923095703], [32.53215408325195, 31.079113006591797], [32.76515197753906, 31.143381118774414], [32.8316764831543, 31.014846801757812], [33.74934005737305, 31.079113006591797], [34.2972412109375, 31.271915435791016], [34.30759811401367, 31.40045166015625], [34.63344955444336, 31.65752601623535], [34.57329559326172, 31.8503360748291], [34.81304168701172, 31.978878021240234], [34.76983642578125, 32.36451721191406], [35.021759033203125, 32.62162780761719], [35.05632781982422, 33.00732421875], [35.21538543701172, 33.07160949707031], [35.39840316772461, 33.393062591552734], [35.34577560424805, 33.65024948120117], [35.49934768676758, 33.65024948120117], [35.4470100402832, 33.90746307373047], [35.68381118774414, 33.971771240234375], [35.64447784423828, 34.3576545715332], [35.79212951660156, 34.2933349609375], [36.048770904541016, 34.55062484741211], [36.0682373046875, 34.743614196777344], [35.92698669433594, 34.87228775024414], [35.959747314453125, 35.194007873535156], [35.88248825073242, 35.194007873535156], [35.99294662475586, 35.51579284667969], [35.84488296508789, 35.58015823364258], [35.990074157714844, 36.2239875793457], [35.84174346923828, 36.28839111328125], [36.18718338012695, 36.61045455932617], [36.26490020751953, 36.61045455932617], [36.632049560546875, 36.417205810546875], [36.61785888671875, 36.28839111328125], [36.45561599731445, 36.2239875793457], [36.262107849121094, 35.12965774536133], [36.3393440246582, 35.12965774536133], [36.29301834106445, 34.679283142089844], [36.63888931274414, 34.2933349609375], [36.63235092163086, 34.22901916503906], [36.90087890625, 33.84315490722656]]]}}, {"type": "Feature", "id": "Q128904_-1300_-1151", "properties": {"qid": "Q128904", "nombre_src": "Elam", "desde": -1300, "hasta": -1151, "cortes": [-1200], "origen": "cliopatria", "seshat": "ir_elam_6"}, "geometry": {"type": "MultiPolygon", "coordinates": [[[[49.85148620605469, 32.557350158691406], [49.8241081237793, 32.36451721191406], [50.03515625, 32.23596954345703], [50.0170783996582, 32.107421875], [50.286407470703125, 31.8503360748291], [50.16586685180664, 31.528987884521484], [50.4794921875, 31.593257904052734], [50.38563537597656, 31.464719772338867], [50.72254943847656, 31.143381118774414], [50.7052001953125, 31.014846801757812], [50.983463287353516, 30.822044372558594], [50.96632385253906, 30.69350814819336], [51.1012077331543, 30.564971923828125], [51.47236251831055, 30.500701904296875], [51.51433181762695, 30.243623733520508], [51.72506332397461, 30.115081787109375], [51.70834732055664, 29.986536026000977], [52.240230560302734, 29.40805435180664], [52.20804977416992, 29.150936126708984], [51.88204574584961, 28.958093643188477], [51.858787536621094, 28.765243530273438], [51.55670928955078, 28.765243530273438], [51.06624984741211, 28.44382095336914], [51.028076171875, 28.765243530273438], [50.80903244018555, 28.829526901245117], [50.9150390625, 29.08665657043457], [50.620323181152344, 29.150936126708984], [50.65126037597656, 29.40805435180664], [50.23628234863281, 29.729440689086914], [50.0648078918457, 30.179353713989258], [49.585899353027344, 29.986536026000977], [49.01873016357422, 30.307893753051758], [49.11860656738281, 30.500701904296875], [49.27046203613281, 30.500701904296875], [49.28668975830078, 30.629240036010742], [48.252750396728516, 31.464719772338867], [48.15162658691406, 32.428794860839844], [47.93099594116211, 32.493072509765625], [47.966007232666016, 32.75019073486328], [47.61848449707031, 33.00732421875], [47.636207580566406, 33.13589859008789], [48.54673767089844, 33.07160949707031], [48.68178939819336, 32.94303894042969], [48.98810958862305, 32.94303894042969], [49.046443939208984, 32.81447219848633], [49.27607345581055, 32.81447219848633], [49.24876022338867, 32.62162780761719], [49.716880798339844, 32.685909271240234], [49.85148620605469, 32.557350158691406]]], [[[50.537986755371094, 31.464719772338867], [50.46181106567383, 31.464719772338867], [50.47063446044922, 31.528987884521484], [50.54682540893555, 31.528987884521484], [50.537986755371094, 31.464719772338867]]]]}}, {"type": "Feature", "id": "Q180568_-1240_-1151", "properties": {"qid": "Q180568", "nombre_src": "New Kingdom of Egypt", "desde": -1240, "hasta": -1151, "cortes": [-1200], "origen": "cliopatria", "seshat": "eg_new_k_2"}, "geometry": {"type": "Polygon", "coordinates": [[[36.70452117919922, 32.62162780761719], [36.750667572021484, 32.30024337768555], [36.5155143737793, 32.23596954345703], [36.66231155395508, 32.171695709228516], [36.38663864135742, 31.65752601623535], [36.423099517822266, 31.20764923095703], [36.2708854675293, 31.20764923095703], [36.40085220336914, 30.950578689575195], [36.15641784667969, 30.757776260375977], [36.14565658569336, 30.629240036010742], [35.99907684326172, 30.69350814819336], [35.75534439086914, 30.500701904296875], [35.45681381225586, 30.564971923828125], [35.31529235839844, 30.69350814819336], [35.330997467041016, 30.886310577392578], [35.108154296875, 30.950578689575195], [34.80398941040039, 30.950578689575195], [34.55553436279297, 30.69350814819336], [34.672481536865234, 30.243623733520508], [34.814334869384766, 30.115081787109375], [34.799686431884766, 29.922264099121094], [34.87547302246094, 29.922264099121094], [34.8609733581543, 29.729440689086914], [34.93671417236328, 29.729440689086914], [34.91290283203125, 29.40805435180664], [34.75225830078125, 29.279497146606445], [34.71140670776367, 28.700960159301758], [34.54724884033203, 28.508106231689453], [34.517303466796875, 28.058101654052734], [34.35825729370117, 27.92952537536621], [34.345943450927734, 27.736658096313477], [33.90217590332031, 27.865236282348633], [33.553810119628906, 28.315250396728516], [33.40296936035156, 28.315250396728516], [33.18891525268555, 28.508106231689453], [33.14677429199219, 29.022375106811523], [32.857112884521484, 29.21521759033203], [32.58876037597656, 29.729440689086914], [32.60188293457031, 29.922264099121094], [32.44160079956055, 29.79371452331543], [32.68916320800781, 28.958093643188477], [32.83612823486328, 28.893810272216797], [33.10531997680664, 28.379535675048828], [33.60887145996094, 27.993812561035156], [33.585105895996094, 27.608078002929688], [33.7991943359375, 27.41520881652832], [33.92659378051758, 27.029460906982422], [34.07311248779297, 26.96516990661621], [34.05074691772461, 26.57941436767578], [34.33271026611328, 26.257951736450195], [34.325523376464844, 26.129364013671875], [34.1755485534668, 26.129364013671875], [32.38032150268555, 24.650644302368164], [32.3690299987793, 24.393482208251953], [32.4437255859375, 24.393482208251953], [32.395545959472656, 23.236284255981445], [32.76034927368164, 23.043420791625977], [32.89131164550781, 22.59341049194336], [33.035057067871094, 22.46483612060547], [33.02743148803711, 22.271976470947266], [33.240394592285156, 22.014829635620117], [33.158470153808594, 21.821969985961914], [33.23279571533203, 21.821969985961914], [33.22522735595703, 21.629112243652344], [33.37129592895508, 21.5648250579834], [33.35360336303711, 21.114822387695312], [33.780975341796875, 20.664819717407227], [33.75501251220703, 20.021955490112305], [34.159114837646484, 19.057653427124023], [33.638633728027344, 18.993366241455078], [33.577938079833984, 19.314802169799805], [33.13130569458008, 19.25051498413086], [32.830169677734375, 19.12194061279297], [32.28954315185547, 18.543354034423828], [31.915002822875977, 18.414779663085938], [31.83612823486328, 18.286205291748047], [31.23781967163086, 18.093341827392578], [30.868547439575195, 18.093341827392578], [30.651714324951172, 18.2219181060791], [30.596677780151367, 18.736217498779297], [30.522743225097656, 18.736217498779297], [30.5327205657959, 21.114822387695312], [30.458486557006836, 21.114822387695312], [30.487150192260742, 21.950544357299805], [30.41280746459961, 21.950544357299805], [30.491592407226562, 22.079116821289062], [30.07183837890625, 22.85055923461914], [29.925127029418945, 22.914846420288086], [29.649517059326172, 23.557723999023438], [29.502641677856445, 23.622013092041016], [29.157161712646484, 24.393482208251953], [28.421659469604492, 24.714935302734375], [27.987010955810547, 25.100683212280273], [27.99173927307129, 25.229267120361328], [27.84444236755371, 25.29355812072754], [27.854049682617188, 25.55072784423828], [27.70912742614746, 25.67931365966797], [27.861438751220703, 27.54378890991211], [27.7890625, 27.608078002929688], [27.93960952758789, 27.608078002929688], [28.136062622070312, 28.572391510009766], [28.211538314819336, 28.572391510009766], [28.145666122436523, 28.765243530273438], [28.2211856842041, 28.765243530273438], [28.244245529174805, 29.21521759033203], [28.319866180419922, 29.21521759033203], [28.568618774414062, 30.950578689575195], [28.865032196044922, 30.822044372558594], [29.3970890045166, 30.822044372558594], [29.485143661499023, 31.014846801757812], [29.633193969726562, 30.950578689575195], [29.86956024169922, 31.079113006591797], [29.8017635345459, 31.20764923095703], [29.882049560546875, 31.271915435791016], [30.33879280090332, 31.271915435791016], [30.271244049072266, 31.40045166015625], [30.351730346679688, 31.464719772338867], [30.80877685546875, 31.464719772338867], [30.965608596801758, 31.528987884521484], [30.974620819091797, 31.65752601623535], [31.203296661376953, 31.65752601623535], [31.117990493774414, 31.528987884521484], [31.265825271606445, 31.464719772338867], [31.875221252441406, 31.464719772338867], [31.780553817749023, 31.20764923095703], [31.93739891052246, 31.271915435791016], [31.999635696411133, 31.079113006591797], [32.303932189941406, 31.079113006591797], [32.23719787597656, 31.20764923095703], [32.53215408325195, 31.079113006591797], [32.76515197753906, 31.143381118774414], [32.8316764831543, 31.014846801757812], [33.74934005737305, 31.079113006591797], [34.2972412109375, 31.271915435791016], [34.30759811401367, 31.40045166015625], [34.63344955444336, 31.65752601623535], [34.57329559326172, 31.8503360748291], [34.81304168701172, 31.978878021240234], [34.76983642578125, 32.36451721191406], [35.021759033203125, 32.62162780761719], [35.05632781982422, 33.00732421875], [35.21538543701172, 33.07160949707031], [35.39840316772461, 33.393062591552734], [35.34577560424805, 33.65024948120117], [35.49934768676758, 33.65024948120117], [35.4470100402832, 33.90746307373047], [35.68381118774414, 33.971771240234375], [35.64447784423828, 34.3576545715332], [35.79212951660156, 34.2933349609375], [36.048770904541016, 34.55062484741211], [36.055240631103516, 34.614952087402344], [36.370113372802734, 34.679283142089844], [36.4275016784668, 34.48630142211914], [36.57500076293945, 34.42197799682617], [36.56844711303711, 34.3576545715332], [36.90087890625, 33.84315490722656], [36.868648529052734, 33.52165222167969], [36.996559143066406, 33.26447677612305], [36.70452117919922, 32.62162780761719]]]}}, {"type": "Feature", "id": "Q128938_-1240_-1101", "properties": {"qid": "Q128938", "nombre_src": "Shang Dynasty", "desde": -1240, "hasta": -1101, "cortes": [-1200], "origen": "cliopatria", "seshat": "cn_late_shang_dyn"}, "geometry": {"type": "Polygon", "coordinates": [[[116.39225769042969, 37.7707405090332], [116.28266143798828, 38.028785705566406], [116.12623596191406, 38.028785705566406], [116.03263854980469, 38.157840728759766], [116.09590911865234, 38.28691864013672], [115.63345336914062, 38.93262481689453], [115.0836181640625, 38.93262481689453], [114.388916015625, 38.48057174682617], [114.24909973144531, 38.028785705566406], [114.32731628417969, 38.028785705566406], [113.97607421875, 37.44829177856445], [113.7887954711914, 36.8681755065918], [113.29812622070312, 36.28839111328125], [111.52283477783203, 35.58015823364258], [110.8770980834961, 35.51579284667969], [110.66930389404297, 35.38706970214844], [110.54113006591797, 35.45143127441406], [110.0746078491211, 35.065311431884766], [110.82063293457031, 35.00096893310547], [111.10469818115234, 35.12965774536133], [112.47119140625, 35.258358001708984], [114.3758544921875, 35.194007873535156], [114.83484649658203, 35.00096893310547], [114.85417938232422, 34.679283142089844], [115.1089096069336, 34.55062484741211], [115.1829833984375, 34.3576545715332], [115.43783569335938, 34.22901916503906], [116.00321197509766, 34.2933349609375], [116.42337036132812, 34.743614196777344], [117.05194091796875, 35.12965774536133], [117.0586166381836, 35.32271194458008], [117.26962280273438, 35.45143127441406], [117.71170806884766, 36.09519577026367], [118.30652618408203, 36.5460319519043], [118.45719909667969, 36.8681755065918], [118.31512451171875, 37.06150817871094], [116.8150863647461, 37.51277160644531], [116.84593200683594, 37.5772590637207], [116.56458282470703, 37.641746520996094], [116.47037506103516, 37.7707405090332], [116.39225769042969, 37.7707405090332]]]}}, {"type": "Feature", "id": "Q5406_-1200_-1151", "properties": {"qid": "Q5406", "nombre_src": "Hittites", "desde": -1200, "hasta": -1151, "cortes": [-1200], "origen": "cliopatria", "seshat": "tr_hatti_new_k"}, "geometry": {"type": "MultiPolygon", "coordinates": [[[[38.542911529541016, 39.25570297241211], [38.761260986328125, 39.1264533996582], [38.62202072143555, 38.67427444458008], [38.77892303466797, 38.67427444458008], [38.823143005371094, 38.416015625], [38.9015007019043, 38.416015625], [38.809608459472656, 37.706241607666016], [38.39500427246094, 37.51277160644531], [37.78644943237305, 37.641746520996094], [37.59921646118164, 37.38381576538086], [37.2796630859375, 37.3193473815918], [36.90488052368164, 37.44829177856445], [36.66340255737305, 37.38381576538086], [36.40012741088867, 37.12596130371094], [36.3856086730957, 36.9970588684082], [36.611873626708984, 36.932613372802734], [36.67515182495117, 36.80373764038086], [36.908504486083984, 36.80373764038086], [37.197532653808594, 36.61045455932617], [37.515846252441406, 36.67487716674805], [37.37221145629883, 36.09519577026367], [37.29466247558594, 36.09519577026367], [37.223697662353516, 35.45143127441406], [36.83700180053711, 35.45143127441406], [36.648292541503906, 35.12965774536133], [36.628089904785156, 34.93662643432617], [36.768985748291016, 34.80794906616211], [36.75559616088867, 34.679283142089844], [36.67850112915039, 34.679283142089844], [36.65861129760742, 34.48630142211914], [36.58157730102539, 34.48630142211914], [36.57500076293945, 34.42197799682617], [36.4275016784668, 34.48630142211914], [36.370113372802734, 34.679283142089844], [36.055240631103516, 34.614952087402344], [36.061729431152344, 34.679283142089844], [35.92698669433594, 34.87228775024414], [35.959747314453125, 35.194007873535156], [35.88248825073242, 35.194007873535156], [35.99294662475586, 35.51579284667969], [35.84488296508789, 35.58015823364258], [35.990074157714844, 36.2239875793457], [35.84174346923828, 36.28839111328125], [36.26490020751953, 36.61045455932617], [36.28622817993164, 36.80373764038086], [36.144901275634766, 36.932613372802734], [35.833587646484375, 36.932613372802734], [35.487709045410156, 36.61045455932617], [35.11265563964844, 36.73930740356445], [34.95038986206055, 36.67487716674805], [34.892860412597656, 36.8681755065918], [34.581634521484375, 36.8681755065918], [34.2507209777832, 36.67487716674805], [33.97906494140625, 36.28839111328125], [32.558349609375, 36.03080368041992], [32.52234649658203, 36.48161697387695], [32.372955322265625, 36.5460319519043], [32.31920623779297, 36.80373764038086], [32.09781265258789, 36.932613372802734], [32.044044494628906, 37.1904182434082], [31.88821029663086, 37.1904182434082], [31.822311401367188, 37.3193473815918], [31.58247184753418, 37.254878997802734], [31.444372177124023, 37.44829177856445], [31.132343292236328, 37.44829177856445], [30.808801651000977, 37.3193473815918], [30.603506088256836, 37.641746520996094], [30.296890258789062, 37.706241607666016], [30.23017692565918, 37.835243225097656], [28.729694366455078, 37.641746520996094], [28.66204833984375, 37.7707405090332], [27.802715301513672, 37.7707405090332], [27.578208923339844, 37.89975357055664], [27.177743911743164, 37.7707405090332], [27.27528190612793, 38.028785705566406], [26.888994216918945, 38.09331130981445], [26.820327758789062, 38.22237777709961], [26.42890739440918, 38.22237777709961], [26.38368797302246, 38.67427444458008], [26.535762786865234, 38.60969924926758], [26.594974517822266, 38.351463317871094], [27.06496238708496, 38.351463317871094], [27.079774856567383, 38.54513168334961], [26.849470138549805, 38.60969924926758], [26.942792892456055, 38.80344009399414], [27.168195724487305, 38.67427444458008], [27.158178329467773, 38.54513168334961], [27.393386840820312, 38.54513168334961], [27.54001235961914, 38.416015625], [28.56401824951172, 38.48057174682617], [28.804637908935547, 38.54513168334961], [28.978158950805664, 38.738853454589844], [30.264001846313477, 39.06184005737305], [30.276264190673828, 39.19107437133789], [30.505985260009766, 39.1264533996582], [30.8331298828125, 39.25570297241211], [31.509008407592773, 39.70827102661133], [31.44363784790039, 39.8376350402832], [31.752378463745117, 39.77294921875], [32.00288772583008, 39.90232849121094], [32.9646110534668, 40.031734466552734], [33.137413024902344, 40.16116714477539], [33.754371643066406, 40.031734466552734], [34.077999114990234, 40.0964469909668], [34.362892150878906, 39.8376350402832], [34.78902053833008, 40.0964469909668], [35.09696960449219, 40.031734466552734], [35.12940216064453, 40.29063034057617], [35.52480697631836, 40.29063034057617], [35.579044342041016, 40.0964469909668], [35.98243713378906, 40.16116714477539], [35.9573974609375, 39.9670295715332], [36.59751892089844, 40.031734466552734], [36.623287200927734, 40.225894927978516], [36.79884338378906, 40.355369567871094], [37.045021057128906, 40.42012023925781], [37.34366989135742, 40.29063034057617], [37.458763122558594, 40.54964065551758], [37.69632339477539, 40.54964065551758], [37.79393005371094, 40.6791877746582], [38.03165054321289, 40.6791877746582], [38.14366912841797, 40.355369567871094], [38.61831283569336, 40.355369567871094], [38.60896682739258, 40.29063034057617], [38.2651252746582, 40.0964469909668], [38.41397476196289, 40.031734466552734], [38.35090637207031, 39.57893371582031], [38.551719665527344, 39.320335388183594], [38.542911529541016, 39.25570297241211]]], [[[26.942792892456055, 38.80344009399414], [26.864294052124023, 38.80344009399414], [26.869274139404297, 38.8680305480957], [26.947797775268555, 38.8680305480957], [26.942792892456055, 38.80344009399414]]]]}}, {"type": "Feature", "id": "Q181264_-1200_-1151", "properties": {"qid": "Q181264", "nombre_src": "Mycenaean Greece", "desde": -1200, "hasta": -1151, "cortes": [-1200], "origen": "cliopatria", "seshat": ""}, "geometry": {"type": "MultiPolygon", "coordinates": [[[[22.87404441833496, 36.15959167480469], [22.887205123901367, 36.417205810546875], [23.116798400878906, 36.3527946472168], [23.10675048828125, 36.15959167480469], [22.87404441833496, 36.15959167480469]]], [[[24.201318740844727, 37.641746520996094], [24.36141586303711, 37.706241607666016], [24.43158721923828, 37.5772590637207], [24.27158546447754, 37.51277160644531], [24.201318740844727, 37.641746520996094]]], [[[20.612695693969727, 37.706241607666016], [20.621307373046875, 37.89975357055664], [20.933977127075195, 37.89975357055664], [20.922147750854492, 37.641746520996094], [20.612695693969727, 37.706241607666016]]], [[[24.681930541992188, 37.835243225097656], [24.694225311279297, 38.028785705566406], [24.772438049316406, 38.028785705566406], [25.068470001220703, 37.7707405090332], [24.830005645751953, 37.706241607666016], [24.681930541992188, 37.835243225097656]]], [[[23.16720199584961, 38.67427444458008], [23.312631607055664, 38.48057174682617], [23.626148223876953, 38.48057174682617], [23.563383102416992, 38.738853454589844], [24.030162811279297, 38.67427444458008], [24.178871154785156, 38.54513168334961], [24.158668518066406, 38.22237777709961], [24.002099990844727, 38.22237777709961], [23.9786319732666, 37.835243225097656], [23.44280242919922, 38.028785705566406], [23.208162307739258, 38.028785705566406], [23.20083236694336, 37.89975357055664], [23.044498443603516, 37.89975357055664], [23.108261108398438, 37.641746520996094], [23.342487335205078, 37.641746520996094], [23.402393341064453, 37.3193473815918], [23.168506622314453, 37.3193473815918], [23.175601959228516, 37.44829177856445], [22.94858741760254, 37.5772590637207], [22.71442985534668, 37.5772590637207], [22.700735092163086, 37.3193473815918], [22.853219985961914, 37.254878997802734], [23.056013107299805, 36.67487716674805], [22.83283233642578, 36.8681755065918], [22.59941291809082, 36.8681755065918], [22.51182746887207, 36.67487716674805], [22.35634422302246, 36.67487716674805], [22.21999168395996, 37.06150817871094], [21.90850067138672, 37.06150817871094], [21.899152755737305, 36.8681755065918], [21.743539810180664, 36.8681755065918], [21.681032180786133, 37.1904182434082], [21.60311508178711, 37.1904182434082], [21.696598052978516, 37.51277160644531], [21.243581771850586, 37.835243225097656], [21.415550231933594, 38.157840728759766], [21.728593826293945, 38.157840728759766], [21.738431930541992, 38.351463317871094], [21.19325065612793, 38.416015625], [20.973709106445312, 38.738853454589844], [20.74135398864746, 38.80344009399414], [20.747533798217773, 38.93262481689453], [21.14027214050293, 38.93262481689453], [21.14674949645996, 39.06184005737305], [20.99276351928711, 39.1264533996582], [21.238563537597656, 39.320335388183594], [21.714229583740234, 39.38497543334961], [21.93974494934082, 39.19107437133789], [22.4377384185791, 39.64360046386719], [22.835771560668945, 39.70827102661133], [23.135168075561523, 39.449623107910156], [22.816326141357422, 39.38497543334961], [22.797286987304688, 39.06184005737305], [22.95830535888672, 39.1264533996582], [23.10781478881836, 38.997230529785156], [23.34353256225586, 38.997230529785156], [23.488826751708984, 38.80344009399414], [23.178667068481445, 38.8680305480957], [23.182519912719727, 38.93262481689453], [22.943096160888672, 38.8680305480957], [22.935583114624023, 38.738853454589844], [23.16720199584961, 38.67427444458008]]], [[[20.319902420043945, 38.157840728759766], [20.328466415405273, 38.351463317871094], [20.488054275512695, 38.416015625], [20.566410064697266, 38.416015625], [20.795446395874023, 38.28691864013672], [20.7864933013916, 38.09331130981445], [20.319902420043945, 38.157840728759766]]], [[[23.488826751708984, 38.80344009399414], [23.56732749938965, 38.80344009399414], [23.563383102416992, 38.738853454589844], [23.484909057617188, 38.738853454589844], [23.488826751708984, 38.80344009399414]]], [[[24.364974975585938, 38.997230529785156], [24.674930572509766, 38.93262481689453], [24.662033081054688, 38.738853454589844], [24.35651969909668, 38.8680305480957], [24.364974975585938, 38.997230529785156]]], [[[23.284265518188477, 40.54964065551758], [23.750530242919922, 40.42012023925781], [23.73737335205078, 40.225894927978516], [22.959190368652344, 40.42012023925781], [22.813276290893555, 40.614410400390625], [22.73406219482422, 40.614410400390625], [22.59200668334961, 40.873565673828125], [22.91779136657715, 41.00318908691406], [23.217931747436523, 40.74397277832031], [23.284265518188477, 40.54964065551758]]], [[[24.156919479370117, 35.51579284667969], [24.149879455566406, 35.38706970214844], [24.30097007751465, 35.32271194458008], [25.69233512878418, 35.32271194458008], [25.680648803710938, 35.12965774536133], [26.22533416748047, 35.194007873535156], [26.140073776245117, 35.065311431884766], [24.823745727539062, 35.00096893310547], [24.7574462890625, 35.194007873535156], [23.679210662841797, 35.258358001708984], [23.615402221679688, 35.51579284667969], [24.156919479370117, 35.51579284667969]]], [[[27.742563247680664, 35.902034759521484], [27.692523956298828, 36.28839111328125], [28.01713752746582, 36.48161697387695], [28.250165939331055, 36.48161697387695], [28.139331817626953, 36.03080368041992], [27.742563247680664, 35.902034759521484]]], [[[25.330806732177734, 36.9970588684082], [25.339021682739258, 37.12596130371094], [25.57270622253418, 37.12596130371094], [25.56435775756836, 36.9970588684082], [25.330806732177734, 36.9970588684082]]], [[[25.0518856048584, 37.51277160644531], [24.986202239990234, 37.706241607666016], [25.220497131347656, 37.706241607666016], [25.285974502563477, 37.51277160644531], [25.0518856048584, 37.51277160644531]]], [[[25.876405715942383, 38.157840728759766], [25.89913558959961, 38.48057174682617], [25.820756912231445, 38.48057174682617], [25.912982940673828, 38.67427444458008], [25.99143409729004, 38.67427444458008], [26.217344284057617, 38.54513168334961], [26.111188888549805, 38.157840728759766], [25.876405715942383, 38.157840728759766]]], [[[26.24588966369629, 38.93262481689453], [26.09356689453125, 38.997230529785156], [26.103172302246094, 39.1264533996582], [25.793418884277344, 39.19107437133789], [26.043895721435547, 39.38497543334961], [26.511207580566406, 39.320335388183594], [26.643573760986328, 38.997230529785156], [26.24588966369629, 38.93262481689453]]], [[[26.747295379638672, 39.320335388183594], [26.75238609313965, 39.38497543334961], [26.909828186035156, 39.38497543334961], [26.82089614868164, 39.25570297241211], [26.747295379638672, 39.320335388183594]]], [[[26.26193618774414, 40.16116714477539], [26.419992446899414, 40.16116714477539], [26.409576416015625, 40.031734466552734], [26.783369064331055, 39.77294921875], [26.778152465820312, 39.70827102661133], [26.699304580688477, 39.70827102661133], [26.76262855529785, 39.51427459716797], [26.132457733154297, 39.51427459716797], [26.26193618774414, 40.16116714477539]]], [[[25.066978454589844, 40.031734466552734], [25.46186065673828, 40.031734466552734], [25.447328567504883, 39.8376350402832], [24.973936080932617, 39.8376350402832], [25.066978454589844, 40.031734466552734]]]]}}, {"type": "Feature", "id": "Q41137_-1200_-1151", "properties": {"qid": "Q41137", "nombre_src": "Assyria", "desde": -1200, "hasta": -1151, "cortes": [-1200], "origen": "cliopatria", "seshat": "iq_middle_assyrian_emp"}, "geometry": {"type": "Polygon", "coordinates": [[[42.905029296875, 39.9670295715332], [42.73662567138672, 39.90232849121094], [42.346988677978516, 40.42012023925781], [41.861717224121094, 40.355369567871094], [40.863807678222656, 40.54964065551758], [40.58599090576172, 40.29063034057617], [40.12135314941406, 40.355369567871094], [39.766170501708984, 40.0964469909668], [38.688045501708984, 40.29063034057617], [38.60896682739258, 40.29063034057617], [38.2651252746582, 40.0964469909668], [38.41397476196289, 40.031734466552734], [38.35090637207031, 39.57893371582031], [38.551719665527344, 39.320335388183594], [38.542911529541016, 39.25570297241211], [38.761260986328125, 39.1264533996582], [38.62202072143555, 38.67427444458008], [38.77892303466797, 38.67427444458008], [38.823143005371094, 38.416015625], [38.9015007019043, 38.416015625], [38.809608459472656, 37.706241607666016], [38.39500427246094, 37.51277160644531], [37.78644943237305, 37.641746520996094], [37.59921646118164, 37.38381576538086], [37.2796630859375, 37.3193473815918], [36.90488052368164, 37.44829177856445], [36.66340255737305, 37.38381576538086], [36.40012741088867, 37.12596130371094], [36.3856086730957, 36.9970588684082], [36.611873626708984, 36.932613372802734], [36.67515182495117, 36.80373764038086], [36.908504486083984, 36.80373764038086], [37.197532653808594, 36.61045455932617], [37.515846252441406, 36.67487716674805], [37.37221145629883, 36.09519577026367], [37.29466247558594, 36.09519577026367], [37.223697662353516, 35.45143127441406], [36.83700180053711, 35.45143127441406], [36.648292541503906, 35.12965774536133], [36.628089904785156, 34.93662643432617], [36.768985748291016, 34.80794906616211], [37.154666900634766, 34.80794906616211], [37.24550247192383, 34.93662643432617], [37.47011184692383, 34.87228775024414], [37.56814193725586, 35.065311431884766], [37.72257614135742, 35.065311431884766], [37.926029205322266, 34.80794906616211], [38.41752624511719, 35.065311431884766], [38.80360794067383, 35.065311431884766], [39.09039306640625, 34.87228775024414], [39.2520866394043, 34.93662643432617], [39.60816192626953, 34.679283142089844], [40.05571746826172, 34.55062484741211], [40.117794036865234, 34.42197799682617], [40.41832733154297, 34.3576545715332], [40.472782135009766, 34.164703369140625], [40.84990692138672, 34.10039138793945], [40.91171646118164, 33.971771240234375], [42.003082275390625, 33.45735549926758], [42.064544677734375, 33.32876968383789], [42.36363983154297, 33.26447677612305], [42.708534240722656, 32.94303894042969], [43.152584075927734, 32.81447219848633], [43.3514289855957, 32.557350158691406], [43.91015625, 32.75019073486328], [44.208351135253906, 32.685909271240234], [44.3087158203125, 32.878753662109375], [44.53839874267578, 32.878753662109375], [44.71588897705078, 33.07160949707031], [45.46541976928711, 32.94303894042969], [45.899105072021484, 33.32876968383789], [46.052490234375, 33.32876968383789], [46.069705963134766, 33.45735549926758], [45.856727600097656, 33.5859489440918], [45.891456604003906, 33.84315490722656], [45.968299865722656, 33.84315490722656], [45.91777801513672, 34.03607940673828], [46.14847946166992, 34.03607940673828], [46.1573600769043, 34.10039138793945], [45.939117431640625, 34.743614196777344], [45.86199951171875, 34.743614196777344], [45.89838409423828, 35.00096893310547], [46.22567367553711, 35.12965774536133], [46.2442741394043, 35.258358001708984], [46.040348052978516, 35.45143127441406], [46.0684928894043, 35.644527435302734], [46.32926940917969, 35.837650299072266], [45.350242614746094, 36.03080368041992], [45.44662094116211, 36.15959167480469], [45.369049072265625, 36.15959167480469], [45.387969970703125, 36.28839111328125], [45.10586166381836, 36.48161697387695], [45.0662956237793, 36.73930740356445], [44.86170959472656, 36.932613372802734], [44.8517951965332, 37.38381576538086], [44.63739776611328, 37.51277160644531], [44.598793029785156, 37.7707405090332], [44.462371826171875, 37.89975357055664], [44.30603790283203, 37.89975357055664], [44.34591293334961, 38.157840728759766], [44.53285217285156, 38.351463317871094], [44.31817626953125, 38.48057174682617], [44.32237243652344, 38.997230529785156], [44.17567443847656, 39.06184005737305], [44.1391487121582, 39.320335388183594], [44.06045150756836, 39.320335388183594], [44.486209869384766, 39.51427459716797], [44.51885986328125, 39.70827102661133], [43.41499328613281, 39.70827102661133], [43.436256408691406, 39.8376350402832], [43.27845764160156, 39.8376350402832], [43.22083282470703, 39.9670295715332], [42.905029296875, 39.9670295715332]]]}}, {"type": "Feature", "id": "Q47690_-1200_-1151", "properties": {"qid": "Q47690", "nombre_src": "Babylonia", "desde": -1200, "hasta": -1151, "cortes": [-1200], "origen": "cliopatria", "seshat": "iq_babylonia_2"}, "geometry": {"type": "Polygon", "coordinates": [[[47.636207580566406, 33.13589859008789], [47.61848449707031, 33.00732421875], [47.966007232666016, 32.75019073486328], [47.93099594116211, 32.493072509765625], [48.15162658691406, 32.428794860839844], [48.252750396728516, 31.464719772338867], [49.28668975830078, 30.629240036010742], [49.27046203613281, 30.500701904296875], [49.04267883300781, 30.500701904296875], [48.942848205566406, 30.307893753051758], [48.987266540527344, 30.050809860229492], [48.36544418334961, 29.922264099121094], [48.40353012084961, 29.600887298583984], [47.8662223815918, 29.536611557006836], [47.28971481323242, 29.79371452331543], [46.97944259643555, 29.729440689086914], [46.99397659301758, 29.857990264892578], [46.84971618652344, 29.922264099121094], [46.61511993408203, 29.857990264892578], [46.590572357177734, 30.307893753051758], [45.77046203613281, 30.436433792114258], [44.95460891723633, 31.271915435791016], [44.5814208984375, 31.336183547973633], [44.459014892578125, 31.593257904052734], [43.420249938964844, 32.493072509765625], [43.42790222167969, 32.557350158691406], [43.91015625, 32.75019073486328], [44.208351135253906, 32.685909271240234], [44.3087158203125, 32.878753662109375], [44.53839874267578, 32.878753662109375], [44.71588897705078, 33.07160949707031], [45.46541976928711, 32.94303894042969], [45.899105072021484, 33.32876968383789], [46.052490234375, 33.32876968383789], [46.069705963134766, 33.45735549926758], [45.856727600097656, 33.5859489440918], [45.891456604003906, 33.84315490722656], [45.968299865722656, 33.84315490722656], [45.91777801513672, 34.03607940673828], [46.379180908203125, 34.03607940673828], [46.284515380859375, 33.90746307373047], [46.420501708984375, 33.77885055541992], [46.78679656982422, 33.65024948120117], [46.69233322143555, 33.52165222167969], [46.75147247314453, 33.393062591552734], [47.636207580566406, 33.13589859008789]]]}}, {"type": "Feature", "id": "Q191369_-1800_-1185", "properties": {"qid": "Q191369", "desde": -1800, "hasta": -1185, "origen": "mano"}, "geometry": {"type": "Polygon", "coordinates": [[[35.75, 36.15], [36.35, 36.2], [36.5, 35.7], [36.1, 35.35], [35.85, 35.4], [35.7, 35.8], [35.75, 36.15]]]}}, {"type": "Feature", "id": "Q1760729_-1500_-1050", "properties": {"qid": "Q1760729", "desde": -1500, "hasta": -1050, "origen": "mano"}, "geometry": {"type": "Polygon", "coordinates": [[[32.27, 35.05], [32.95, 35.4], [33.9, 35.4], [34.6, 35.7], [34.05, 35.0], [33.6, 34.75], [33.0, 34.57], [32.4, 34.7], [32.27, 35.05]]]}}, {"type": "Feature", "id": "Q1421436_-1800_-238", "properties": {"qid": "Q1421436", "desde": -1800, "hasta": -238, "origen": "mano"}, "geometry": {"type": "Polygon", "coordinates": [[[8.15, 40.9], [8.2, 41.25], [9.25, 41.25], [9.8, 40.5], [9.7, 39.2], [9.0, 38.9], [8.4, 39.1], [8.35, 40.2], [8.15, 40.9]]]}}, {"type": "Feature", "id": "Q2629081_-1300_-700", "properties": {"qid": "Q2629081", "desde": -1300, "hasta": -700, "origen": "mano"}, "geometry": {"type": "Polygon", "coordinates": [[[-10, 42.5], [-9.5, 44], [-5, 48.2], [-6, 50], [-6, 52], [-3.5, 53.5], [-2, 52], [-3, 50], [-1.5, 48.5], [-4.5, 47], [-1.5, 44], [-8, 41.5], [-9, 40.5], [-10, 41], [-10, 42.5]]]}}, {"type": "Feature", "id": "Q135364_-1600_-400", "properties": {"qid": "Q135364", "desde": -1600, "hasta": -400, "origen": "mano"}, "geometry": {"type": "Polygon", "coordinates": [[[-97.5, 18.2], [-97, 19.2], [-95.5, 19], [-93.5, 18.6], [-92.5, 18.2], [-93.2, 17.2], [-95.5, 17.2], [-97, 17.6], [-97.5, 18.2]]]}}, {"type": "Feature", "id": "Q215262_-1500_-500", "properties": {"qid": "Q215262", "desde": -1500, "hasta": -500, "origen": "mano"}, "geometry": {"type": "Polygon", "coordinates": [[[70, 32.5], [74, 34.5], [78, 31.5], [81, 28], [80, 26], [76, 28], [72, 30], [70, 32.5]]]}}, {"type": "Feature", "id": "Q459376_-2000_-1150", "properties": {"qid": "Q459376", "desde": -2000, "hasta": -1150, "origen": "mano"}, "geometry": {"type": "Polygon", "coordinates": [[[55, 52], [60, 55], [75, 55], [85, 52], [85, 47], [75, 44], [65, 43], [58, 45], [55, 52]]]}}, {"type": "Feature", "id": "Q649262_-1500_-1320", "properties": {"qid": "Q649262", "desde": -1500, "hasta": -1320, "origen": "mano"}, "geometry": {"type": "Polygon", "coordinates": [[[27, 37.5], [27, 39], [29.5, 39.5], [31, 38.5], [30.5, 37], [28.5, 36.8], [27, 37.5]]]}}, {"type": "Feature", "id": "Q7573930_-4500_-2500", "properties": {"qid": "Q7573930", "desde": -4500, "hasta": -2500, "origen": "mano"}, "geometry": {"type": "MultiPolygon", "coordinates": [[[[-9.4, 37.0], [-9.8, 40.5], [-9.3, 43.5], [-7.5, 43.8], [-6.5, 43.5], [-7.0, 42.0], [-7.0, 40.0], [-6.5, 38.0], [-4.0, 37.2], [-5.0, 36.4], [-6.5, 36.6], [-9.4, 37.0]]], [[[-4.8, 47.7], [-4.9, 48.7], [-3.0, 48.9], [-1.8, 48.6], [-2.2, 47.5], [-3.5, 47.6], [-4.8, 47.7]]]]}}, {"type": "Feature", "id": "Q5794482_-3200_-2250", "properties": {"qid": "Q5794482", "desde": -3200, "hasta": -2250, "origen": "mano"}, "geometry": {"type": "Polygon", "coordinates": [[[-3.0, 36.7], [-2.9, 37.4], [-2.0, 37.5], [-1.5, 37.1], [-1.9, 36.7], [-3.0, 36.7]]]}}, {"type": "Feature", "id": "Q60823294_-2600_-1500", "properties": {"qid": "Q60823294", "desde": -2600, "hasta": -1500, "origen": "mano"}, "geometry": {"type": "Polygon", "coordinates": [[[-9.5, 38.6], [-9.4, 39.6], [-8.6, 39.7], [-8.4, 38.9], [-9.0, 38.5], [-9.5, 38.6]]]}}, {"type": "Feature", "id": "Q470867_-2500_-1900", "properties": {"qid": "Q470867", "desde": -2500, "hasta": -1900, "origen": "mano"}, "geometry": {"type": "Polygon", "coordinates": [[[-9.3, 38.5], [-9.0, 41.5], [-6.0, 42.5], [-2.0, 42.0], [-0.5, 40.5], [-1.5, 38.0], [-4.5, 36.8], [-7.0, 37.2], [-9.3, 38.5]]]}}, {"type": "Feature", "id": "Q13409799_-2200_-1550", "properties": {"qid": "Q13409799", "desde": -2200, "hasta": -1550, "origen": "mano"}, "geometry": {"type": "Polygon", "coordinates": [[[-3.2, 36.7], [-3.3, 37.6], [-2.0, 38.2], [-0.8, 38.0], [-0.9, 37.3], [-1.8, 36.7], [-3.2, 36.7]]]}}]}